,fishing_values_vec,r_value_vec,omega_value_vec,dispersal_value_vec,disturbance_prob_vec,disturbance_size_vec,disturbance_magnitude_vec,objective_vec,optimal_spacing,mean_objective_value
1,1,3,1.2,0.7,0,2,0.9,persistence,1,10
1.1,1,3,1.2,0.7,0,2,0.9,persistence,1,10
1.2,1,3,1.2,0.7,0,2,0.9,persistence,1,10
1.3,1,3,1.2,0.7,0,2,0.9,persistence,1,10
1.4,1,3,1.2,0.7,0,2,0.9,persistence,1,10
1.5,1,3,1.2,0.7,0,2,0.9,persistence,1,10
1.6,1,3,1.2,0.7,0,2,0.9,persistence,1,10
1.7,1,3,1.2,0.7,0,2,0.9,persistence,1,10
1.8,1,3,1.2,0.7,0,2,0.9,persistence,1,10
1.9,1,3,1.2,0.7,0,2,0.9,persistence,1,10
1.10,1,3,1.2,0.7,0,2,0.9,persistence,1,10
1.11,1,3,1.2,0.7,0,2,0.9,persistence,1,10
1.12,1,3,1.2,0.7,0,2,0.9,persistence,1,10
1.13,1,3,1.2,0.7,0,2,0.9,persistence,1,10
1.14,1,3,1.2,0.7,0,2,0.9,persistence,1,10
1.15,1,3,1.2,0.7,0,2,0.9,persistence,1,10
1.16,1,3,1.2,0.7,0,2,0.9,persistence,1,10
1.17,1,3,1.2,0.7,0,2,0.9,persistence,1,10
1.18,1,3,1.2,0.7,0,2,0.9,persistence,1,10
1.19,1,3,1.2,0.7,0,2,0.9,persistence,1,10
1.20,1,3,1.2,0.7,0,2,0.9,persistence,1,10
1.21,1,3,1.2,0.7,0,2,0.9,persistence,1,10
1.22,1,3,1.2,0.7,0,2,0.9,persistence,1,10
1.23,1,3,1.2,0.7,0,2,0.9,persistence,1,10
1.24,1,3,1.2,0.7,0,2,0.9,persistence,1,10
1.25,1,3,1.2,0.7,0,2,0.9,persistence,1,10
1.26,1,3,1.2,0.7,0,2,0.9,persistence,1,10
1.27,1,3,1.2,0.7,0,2,0.9,persistence,1,10
1.28,1,3,1.2,0.7,0,2,0.9,persistence,1,10
1.29,1,3,1.2,0.7,0,2,0.9,persistence,1,10
1.30,1,3,1.2,0.7,0,2,0.9,persistence,1,10
1.31,1,3,1.2,0.7,0,2,0.9,persistence,1,10
1.32,1,3,1.2,0.7,0,2,0.9,persistence,1,10
1.33,1,3,1.2,0.7,0,2,0.9,persistence,1,10
1.34,1,3,1.2,0.7,0,2,0.9,persistence,1,10
1.35,1,3,1.2,0.7,0,2,0.9,persistence,1,10
1.36,1,3,1.2,0.7,0,2,0.9,persistence,1,10
1.37,1,3,1.2,0.7,0,2,0.9,persistence,1,10
1.38,1,3,1.2,0.7,0,2,0.9,persistence,1,10
1.39,1,3,1.2,0.7,0,2,0.9,persistence,1,10
1.40,1,3,1.2,0.7,0,2,0.9,persistence,1,10
1.41,1,3,1.2,0.7,0,2,0.9,persistence,1,10
1.42,1,3,1.2,0.7,0,2,0.9,persistence,1,10
1.43,1,3,1.2,0.7,0,2,0.9,persistence,1,10
1.44,1,3,1.2,0.7,0,2,0.9,persistence,1,10
1.45,1,3,1.2,0.7,0,2,0.9,persistence,1,10
1.46,1,3,1.2,0.7,0,2,0.9,persistence,1,10
1.47,1,3,1.2,0.7,0,2,0.9,persistence,1,10
1.48,1,3,1.2,0.7,0,2,0.9,persistence,1,10
1.49,1,3,1.2,0.7,0,2,0.9,persistence,1,10
1.50,1,3,1.2,0.7,0,2,0.9,persistence,1,10
1.51,1,3,1.2,0.7,0,2,0.9,persistence,1,10
1.52,1,3,1.2,0.7,0,2,0.9,persistence,1,10
1.53,1,3,1.2,0.7,0,2,0.9,persistence,1,10
1.54,1,3,1.2,0.7,0,2,0.9,persistence,1,10
1.55,1,3,1.2,0.7,0,2,0.9,persistence,1,10
1.56,1,3,1.2,0.7,0,2,0.9,persistence,1,10
1.57,1,3,1.2,0.7,0,2,0.9,persistence,1,10
1.58,1,3,1.2,0.7,0,2,0.9,persistence,1,10
1.59,1,3,1.2,0.7,0,2,0.9,persistence,1,10
1.60,1,3,1.2,0.7,0,2,0.9,persistence,1,10
1.61,1,3,1.2,0.7,0,2,0.9,persistence,1,10
1.62,1,3,1.2,0.7,0,2,0.9,persistence,1,10
1.63,1,3,1.2,0.7,0,2,0.9,persistence,1,10
1.64,1,3,1.2,0.7,0,2,0.9,persistence,1,10
1.65,1,3,1.2,0.7,0,2,0.9,persistence,1,10
1.66,1,3,1.2,0.7,0,2,0.9,persistence,1,10
1.67,1,3,1.2,0.7,0,2,0.9,persistence,1,10
1.68,1,3,1.2,0.7,0,2,0.9,persistence,1,10
1.69,1,3,1.2,0.7,0,2,0.9,persistence,1,10
1.70,1,3,1.2,0.7,0,2,0.9,persistence,1,10
1.71,1,3,1.2,0.7,0,2,0.9,persistence,1,10
1.72,1,3,1.2,0.7,0,2,0.9,persistence,1,10
1.73,1,3,1.2,0.7,0,2,0.9,persistence,1,10
1.74,1,3,1.2,0.7,0,2,0.9,persistence,1,10
1.75,1,3,1.2,0.7,0,2,0.9,persistence,1,10
1.76,1,3,1.2,0.7,0,2,0.9,persistence,1,10
1.77,1,3,1.2,0.7,0,2,0.9,persistence,1,10
1.78,1,3,1.2,0.7,0,2,0.9,persistence,1,10
1.79,1,3,1.2,0.7,0,2,0.9,persistence,1,10
1.80,1,3,1.2,0.7,0,2,0.9,persistence,1,10
1.81,1,3,1.2,0.7,0,2,0.9,persistence,1,10
1.82,1,3,1.2,0.7,0,2,0.9,persistence,1,10
1.83,1,3,1.2,0.7,0,2,0.9,persistence,1,10
1.84,1,3,1.2,0.7,0,2,0.9,persistence,1,10
1.85,1,3,1.2,0.7,0,2,0.9,persistence,1,10
1.86,1,3,1.2,0.7,0,2,0.9,persistence,1,10
1.87,1,3,1.2,0.7,0,2,0.9,persistence,1,10
1.88,1,3,1.2,0.7,0,2,0.9,persistence,1,10
1.89,1,3,1.2,0.7,0,2,0.9,persistence,1,10
1.90,1,3,1.2,0.7,0,2,0.9,persistence,1,10
1.91,1,3,1.2,0.7,0,2,0.9,persistence,1,10
1.92,1,3,1.2,0.7,0,2,0.9,persistence,1,10
1.93,1,3,1.2,0.7,0,2,0.9,persistence,1,10
1.94,1,3,1.2,0.7,0,2,0.9,persistence,1,10
1.95,1,3,1.2,0.7,0,2,0.9,persistence,1,10
1.96,1,3,1.2,0.7,0,2,0.9,persistence,1,10
1.97,1,3,1.2,0.7,0,2,0.9,persistence,1,10
1.98,1,3,1.2,0.7,0,2,0.9,persistence,1,10
1.99,1,3,1.2,0.7,0,2,0.9,persistence,1,10
2,0.75,3,1.2,0.7,0,2,0.9,persistence,1,10
2.1,0.75,3,1.2,0.7,0,2,0.9,persistence,1,10
2.2,0.75,3,1.2,0.7,0,2,0.9,persistence,1,10
2.3,0.75,3,1.2,0.7,0,2,0.9,persistence,1,10
2.4,0.75,3,1.2,0.7,0,2,0.9,persistence,1,10
2.5,0.75,3,1.2,0.7,0,2,0.9,persistence,1,10
2.6,0.75,3,1.2,0.7,0,2,0.9,persistence,1,10
2.7,0.75,3,1.2,0.7,0,2,0.9,persistence,1,10
2.8,0.75,3,1.2,0.7,0,2,0.9,persistence,1,10
2.9,0.75,3,1.2,0.7,0,2,0.9,persistence,1,10
2.10,0.75,3,1.2,0.7,0,2,0.9,persistence,1,10
2.11,0.75,3,1.2,0.7,0,2,0.9,persistence,1,10
2.12,0.75,3,1.2,0.7,0,2,0.9,persistence,1,10
2.13,0.75,3,1.2,0.7,0,2,0.9,persistence,1,10
2.14,0.75,3,1.2,0.7,0,2,0.9,persistence,1,10
2.15,0.75,3,1.2,0.7,0,2,0.9,persistence,1,10
2.16,0.75,3,1.2,0.7,0,2,0.9,persistence,1,10
2.17,0.75,3,1.2,0.7,0,2,0.9,persistence,1,10
2.18,0.75,3,1.2,0.7,0,2,0.9,persistence,1,10
2.19,0.75,3,1.2,0.7,0,2,0.9,persistence,1,10
2.20,0.75,3,1.2,0.7,0,2,0.9,persistence,1,10
2.21,0.75,3,1.2,0.7,0,2,0.9,persistence,1,10
2.22,0.75,3,1.2,0.7,0,2,0.9,persistence,1,10
2.23,0.75,3,1.2,0.7,0,2,0.9,persistence,1,10
2.24,0.75,3,1.2,0.7,0,2,0.9,persistence,1,10
2.25,0.75,3,1.2,0.7,0,2,0.9,persistence,1,10
2.26,0.75,3,1.2,0.7,0,2,0.9,persistence,1,10
2.27,0.75,3,1.2,0.7,0,2,0.9,persistence,1,10
2.28,0.75,3,1.2,0.7,0,2,0.9,persistence,1,10
2.29,0.75,3,1.2,0.7,0,2,0.9,persistence,1,10
2.30,0.75,3,1.2,0.7,0,2,0.9,persistence,1,10
2.31,0.75,3,1.2,0.7,0,2,0.9,persistence,1,10
2.32,0.75,3,1.2,0.7,0,2,0.9,persistence,1,10
2.33,0.75,3,1.2,0.7,0,2,0.9,persistence,1,10
2.34,0.75,3,1.2,0.7,0,2,0.9,persistence,1,10
2.35,0.75,3,1.2,0.7,0,2,0.9,persistence,1,10
2.36,0.75,3,1.2,0.7,0,2,0.9,persistence,1,10
2.37,0.75,3,1.2,0.7,0,2,0.9,persistence,1,10
2.38,0.75,3,1.2,0.7,0,2,0.9,persistence,1,10
2.39,0.75,3,1.2,0.7,0,2,0.9,persistence,1,10
2.40,0.75,3,1.2,0.7,0,2,0.9,persistence,1,10
2.41,0.75,3,1.2,0.7,0,2,0.9,persistence,1,10
2.42,0.75,3,1.2,0.7,0,2,0.9,persistence,1,10
2.43,0.75,3,1.2,0.7,0,2,0.9,persistence,1,10
2.44,0.75,3,1.2,0.7,0,2,0.9,persistence,1,10
2.45,0.75,3,1.2,0.7,0,2,0.9,persistence,1,10
2.46,0.75,3,1.2,0.7,0,2,0.9,persistence,1,10
2.47,0.75,3,1.2,0.7,0,2,0.9,persistence,1,10
2.48,0.75,3,1.2,0.7,0,2,0.9,persistence,1,10
2.49,0.75,3,1.2,0.7,0,2,0.9,persistence,1,10
2.50,0.75,3,1.2,0.7,0,2,0.9,persistence,1,10
2.51,0.75,3,1.2,0.7,0,2,0.9,persistence,1,10
2.52,0.75,3,1.2,0.7,0,2,0.9,persistence,1,10
2.53,0.75,3,1.2,0.7,0,2,0.9,persistence,1,10
2.54,0.75,3,1.2,0.7,0,2,0.9,persistence,1,10
2.55,0.75,3,1.2,0.7,0,2,0.9,persistence,1,10
2.56,0.75,3,1.2,0.7,0,2,0.9,persistence,1,10
2.57,0.75,3,1.2,0.7,0,2,0.9,persistence,1,10
2.58,0.75,3,1.2,0.7,0,2,0.9,persistence,1,10
2.59,0.75,3,1.2,0.7,0,2,0.9,persistence,1,10
2.60,0.75,3,1.2,0.7,0,2,0.9,persistence,1,10
2.61,0.75,3,1.2,0.7,0,2,0.9,persistence,1,10
2.62,0.75,3,1.2,0.7,0,2,0.9,persistence,1,10
2.63,0.75,3,1.2,0.7,0,2,0.9,persistence,1,10
2.64,0.75,3,1.2,0.7,0,2,0.9,persistence,1,10
2.65,0.75,3,1.2,0.7,0,2,0.9,persistence,1,10
2.66,0.75,3,1.2,0.7,0,2,0.9,persistence,1,10
2.67,0.75,3,1.2,0.7,0,2,0.9,persistence,1,10
2.68,0.75,3,1.2,0.7,0,2,0.9,persistence,1,10
2.69,0.75,3,1.2,0.7,0,2,0.9,persistence,1,10
2.70,0.75,3,1.2,0.7,0,2,0.9,persistence,1,10
2.71,0.75,3,1.2,0.7,0,2,0.9,persistence,1,10
2.72,0.75,3,1.2,0.7,0,2,0.9,persistence,1,10
2.73,0.75,3,1.2,0.7,0,2,0.9,persistence,1,10
2.74,0.75,3,1.2,0.7,0,2,0.9,persistence,1,10
2.75,0.75,3,1.2,0.7,0,2,0.9,persistence,1,10
2.76,0.75,3,1.2,0.7,0,2,0.9,persistence,1,10
2.77,0.75,3,1.2,0.7,0,2,0.9,persistence,1,10
2.78,0.75,3,1.2,0.7,0,2,0.9,persistence,1,10
2.79,0.75,3,1.2,0.7,0,2,0.9,persistence,1,10
2.80,0.75,3,1.2,0.7,0,2,0.9,persistence,1,10
2.81,0.75,3,1.2,0.7,0,2,0.9,persistence,1,10
2.82,0.75,3,1.2,0.7,0,2,0.9,persistence,1,10
2.83,0.75,3,1.2,0.7,0,2,0.9,persistence,1,10
2.84,0.75,3,1.2,0.7,0,2,0.9,persistence,1,10
2.85,0.75,3,1.2,0.7,0,2,0.9,persistence,1,10
2.86,0.75,3,1.2,0.7,0,2,0.9,persistence,1,10
2.87,0.75,3,1.2,0.7,0,2,0.9,persistence,1,10
2.88,0.75,3,1.2,0.7,0,2,0.9,persistence,1,10
2.89,0.75,3,1.2,0.7,0,2,0.9,persistence,1,10
2.90,0.75,3,1.2,0.7,0,2,0.9,persistence,1,10
2.91,0.75,3,1.2,0.7,0,2,0.9,persistence,1,10
2.92,0.75,3,1.2,0.7,0,2,0.9,persistence,1,10
2.93,0.75,3,1.2,0.7,0,2,0.9,persistence,1,10
2.94,0.75,3,1.2,0.7,0,2,0.9,persistence,1,10
2.95,0.75,3,1.2,0.7,0,2,0.9,persistence,1,10
2.96,0.75,3,1.2,0.7,0,2,0.9,persistence,1,10
2.97,0.75,3,1.2,0.7,0,2,0.9,persistence,1,10
2.98,0.75,3,1.2,0.7,0,2,0.9,persistence,1,10
2.99,0.75,3,1.2,0.7,0,2,0.9,persistence,1,10
3,0.5,3,1.2,0.7,0,2,0.9,persistence,1,10
3.1,0.5,3,1.2,0.7,0,2,0.9,persistence,1,10
3.2,0.5,3,1.2,0.7,0,2,0.9,persistence,1,10
3.3,0.5,3,1.2,0.7,0,2,0.9,persistence,1,10
3.4,0.5,3,1.2,0.7,0,2,0.9,persistence,1,10
3.5,0.5,3,1.2,0.7,0,2,0.9,persistence,1,10
3.6,0.5,3,1.2,0.7,0,2,0.9,persistence,1,10
3.7,0.5,3,1.2,0.7,0,2,0.9,persistence,1,10
3.8,0.5,3,1.2,0.7,0,2,0.9,persistence,1,10
3.9,0.5,3,1.2,0.7,0,2,0.9,persistence,1,10
3.10,0.5,3,1.2,0.7,0,2,0.9,persistence,1,10
3.11,0.5,3,1.2,0.7,0,2,0.9,persistence,1,10
3.12,0.5,3,1.2,0.7,0,2,0.9,persistence,1,10
3.13,0.5,3,1.2,0.7,0,2,0.9,persistence,1,10
3.14,0.5,3,1.2,0.7,0,2,0.9,persistence,1,10
3.15,0.5,3,1.2,0.7,0,2,0.9,persistence,1,10
3.16,0.5,3,1.2,0.7,0,2,0.9,persistence,1,10
3.17,0.5,3,1.2,0.7,0,2,0.9,persistence,1,10
3.18,0.5,3,1.2,0.7,0,2,0.9,persistence,1,10
3.19,0.5,3,1.2,0.7,0,2,0.9,persistence,1,10
3.20,0.5,3,1.2,0.7,0,2,0.9,persistence,1,10
3.21,0.5,3,1.2,0.7,0,2,0.9,persistence,1,10
3.22,0.5,3,1.2,0.7,0,2,0.9,persistence,1,10
3.23,0.5,3,1.2,0.7,0,2,0.9,persistence,1,10
3.24,0.5,3,1.2,0.7,0,2,0.9,persistence,1,10
3.25,0.5,3,1.2,0.7,0,2,0.9,persistence,1,10
3.26,0.5,3,1.2,0.7,0,2,0.9,persistence,1,10
3.27,0.5,3,1.2,0.7,0,2,0.9,persistence,1,10
3.28,0.5,3,1.2,0.7,0,2,0.9,persistence,1,10
3.29,0.5,3,1.2,0.7,0,2,0.9,persistence,1,10
3.30,0.5,3,1.2,0.7,0,2,0.9,persistence,1,10
3.31,0.5,3,1.2,0.7,0,2,0.9,persistence,1,10
3.32,0.5,3,1.2,0.7,0,2,0.9,persistence,1,10
3.33,0.5,3,1.2,0.7,0,2,0.9,persistence,1,10
3.34,0.5,3,1.2,0.7,0,2,0.9,persistence,1,10
3.35,0.5,3,1.2,0.7,0,2,0.9,persistence,1,10
3.36,0.5,3,1.2,0.7,0,2,0.9,persistence,1,10
3.37,0.5,3,1.2,0.7,0,2,0.9,persistence,1,10
3.38,0.5,3,1.2,0.7,0,2,0.9,persistence,1,10
3.39,0.5,3,1.2,0.7,0,2,0.9,persistence,1,10
3.40,0.5,3,1.2,0.7,0,2,0.9,persistence,1,10
3.41,0.5,3,1.2,0.7,0,2,0.9,persistence,1,10
3.42,0.5,3,1.2,0.7,0,2,0.9,persistence,1,10
3.43,0.5,3,1.2,0.7,0,2,0.9,persistence,1,10
3.44,0.5,3,1.2,0.7,0,2,0.9,persistence,1,10
3.45,0.5,3,1.2,0.7,0,2,0.9,persistence,1,10
3.46,0.5,3,1.2,0.7,0,2,0.9,persistence,1,10
3.47,0.5,3,1.2,0.7,0,2,0.9,persistence,1,10
3.48,0.5,3,1.2,0.7,0,2,0.9,persistence,1,10
3.49,0.5,3,1.2,0.7,0,2,0.9,persistence,1,10
3.50,0.5,3,1.2,0.7,0,2,0.9,persistence,1,10
3.51,0.5,3,1.2,0.7,0,2,0.9,persistence,1,10
3.52,0.5,3,1.2,0.7,0,2,0.9,persistence,1,10
3.53,0.5,3,1.2,0.7,0,2,0.9,persistence,1,10
3.54,0.5,3,1.2,0.7,0,2,0.9,persistence,1,10
3.55,0.5,3,1.2,0.7,0,2,0.9,persistence,1,10
3.56,0.5,3,1.2,0.7,0,2,0.9,persistence,1,10
3.57,0.5,3,1.2,0.7,0,2,0.9,persistence,1,10
3.58,0.5,3,1.2,0.7,0,2,0.9,persistence,1,10
3.59,0.5,3,1.2,0.7,0,2,0.9,persistence,1,10
3.60,0.5,3,1.2,0.7,0,2,0.9,persistence,1,10
3.61,0.5,3,1.2,0.7,0,2,0.9,persistence,1,10
3.62,0.5,3,1.2,0.7,0,2,0.9,persistence,1,10
3.63,0.5,3,1.2,0.7,0,2,0.9,persistence,1,10
3.64,0.5,3,1.2,0.7,0,2,0.9,persistence,1,10
3.65,0.5,3,1.2,0.7,0,2,0.9,persistence,1,10
3.66,0.5,3,1.2,0.7,0,2,0.9,persistence,1,10
3.67,0.5,3,1.2,0.7,0,2,0.9,persistence,1,10
3.68,0.5,3,1.2,0.7,0,2,0.9,persistence,1,10
3.69,0.5,3,1.2,0.7,0,2,0.9,persistence,1,10
3.70,0.5,3,1.2,0.7,0,2,0.9,persistence,1,10
3.71,0.5,3,1.2,0.7,0,2,0.9,persistence,1,10
3.72,0.5,3,1.2,0.7,0,2,0.9,persistence,1,10
3.73,0.5,3,1.2,0.7,0,2,0.9,persistence,1,10
3.74,0.5,3,1.2,0.7,0,2,0.9,persistence,1,10
3.75,0.5,3,1.2,0.7,0,2,0.9,persistence,1,10
3.76,0.5,3,1.2,0.7,0,2,0.9,persistence,1,10
3.77,0.5,3,1.2,0.7,0,2,0.9,persistence,1,10
3.78,0.5,3,1.2,0.7,0,2,0.9,persistence,1,10
3.79,0.5,3,1.2,0.7,0,2,0.9,persistence,1,10
3.80,0.5,3,1.2,0.7,0,2,0.9,persistence,1,10
3.81,0.5,3,1.2,0.7,0,2,0.9,persistence,1,10
3.82,0.5,3,1.2,0.7,0,2,0.9,persistence,1,10
3.83,0.5,3,1.2,0.7,0,2,0.9,persistence,1,10
3.84,0.5,3,1.2,0.7,0,2,0.9,persistence,1,10
3.85,0.5,3,1.2,0.7,0,2,0.9,persistence,1,10
3.86,0.5,3,1.2,0.7,0,2,0.9,persistence,1,10
3.87,0.5,3,1.2,0.7,0,2,0.9,persistence,1,10
3.88,0.5,3,1.2,0.7,0,2,0.9,persistence,1,10
3.89,0.5,3,1.2,0.7,0,2,0.9,persistence,1,10
3.90,0.5,3,1.2,0.7,0,2,0.9,persistence,1,10
3.91,0.5,3,1.2,0.7,0,2,0.9,persistence,1,10
3.92,0.5,3,1.2,0.7,0,2,0.9,persistence,1,10
3.93,0.5,3,1.2,0.7,0,2,0.9,persistence,1,10
3.94,0.5,3,1.2,0.7,0,2,0.9,persistence,1,10
3.95,0.5,3,1.2,0.7,0,2,0.9,persistence,1,10
3.96,0.5,3,1.2,0.7,0,2,0.9,persistence,1,10
3.97,0.5,3,1.2,0.7,0,2,0.9,persistence,1,10
3.98,0.5,3,1.2,0.7,0,2,0.9,persistence,1,10
3.99,0.5,3,1.2,0.7,0,2,0.9,persistence,1,10
4,1,3,1.2,0.7,0.005,2,0.9,persistence,1,10
4.1,1,3,1.2,0.7,0.005,2,0.9,persistence,1,10
4.2,1,3,1.2,0.7,0.005,2,0.9,persistence,1,10
4.3,1,3,1.2,0.7,0.005,2,0.9,persistence,1,10
4.4,1,3,1.2,0.7,0.005,2,0.9,persistence,1,10
4.5,1,3,1.2,0.7,0.005,2,0.9,persistence,1,10
4.6,1,3,1.2,0.7,0.005,2,0.9,persistence,1,10
4.7,1,3,1.2,0.7,0.005,2,0.9,persistence,2,10
4.8,1,3,1.2,0.7,0.005,2,0.9,persistence,1,10
4.9,1,3,1.2,0.7,0.005,2,0.9,persistence,1,10
4.10,1,3,1.2,0.7,0.005,2,0.9,persistence,1,10
4.11,1,3,1.2,0.7,0.005,2,0.9,persistence,1,10
4.12,1,3,1.2,0.7,0.005,2,0.9,persistence,1,10
4.13,1,3,1.2,0.7,0.005,2,0.9,persistence,1,10
4.14,1,3,1.2,0.7,0.005,2,0.9,persistence,1,10
4.15,1,3,1.2,0.7,0.005,2,0.9,persistence,1,10
4.16,1,3,1.2,0.7,0.005,2,0.9,persistence,1,10
4.17,1,3,1.2,0.7,0.005,2,0.9,persistence,1,10
4.18,1,3,1.2,0.7,0.005,2,0.9,persistence,1,10
4.19,1,3,1.2,0.7,0.005,2,0.9,persistence,1,10
4.20,1,3,1.2,0.7,0.005,2,0.9,persistence,1,10
4.21,1,3,1.2,0.7,0.005,2,0.9,persistence,1,10
4.22,1,3,1.2,0.7,0.005,2,0.9,persistence,1,10
4.23,1,3,1.2,0.7,0.005,2,0.9,persistence,1,10
4.24,1,3,1.2,0.7,0.005,2,0.9,persistence,1,10
4.25,1,3,1.2,0.7,0.005,2,0.9,persistence,1,10
4.26,1,3,1.2,0.7,0.005,2,0.9,persistence,1,10
4.27,1,3,1.2,0.7,0.005,2,0.9,persistence,1,10
4.28,1,3,1.2,0.7,0.005,2,0.9,persistence,1,10
4.29,1,3,1.2,0.7,0.005,2,0.9,persistence,1,10
4.30,1,3,1.2,0.7,0.005,2,0.9,persistence,1,10
4.31,1,3,1.2,0.7,0.005,2,0.9,persistence,1,10
4.32,1,3,1.2,0.7,0.005,2,0.9,persistence,1,10
4.33,1,3,1.2,0.7,0.005,2,0.9,persistence,1,10
4.34,1,3,1.2,0.7,0.005,2,0.9,persistence,1,10
4.35,1,3,1.2,0.7,0.005,2,0.9,persistence,1,10
4.36,1,3,1.2,0.7,0.005,2,0.9,persistence,1,10
4.37,1,3,1.2,0.7,0.005,2,0.9,persistence,1,10
4.38,1,3,1.2,0.7,0.005,2,0.9,persistence,1,10
4.39,1,3,1.2,0.7,0.005,2,0.9,persistence,1,10
4.40,1,3,1.2,0.7,0.005,2,0.9,persistence,1,10
4.41,1,3,1.2,0.7,0.005,2,0.9,persistence,1,10
4.42,1,3,1.2,0.7,0.005,2,0.9,persistence,1,10
4.43,1,3,1.2,0.7,0.005,2,0.9,persistence,1,10
4.44,1,3,1.2,0.7,0.005,2,0.9,persistence,1,10
4.45,1,3,1.2,0.7,0.005,2,0.9,persistence,1,10
4.46,1,3,1.2,0.7,0.005,2,0.9,persistence,1,10
4.47,1,3,1.2,0.7,0.005,2,0.9,persistence,1,10
4.48,1,3,1.2,0.7,0.005,2,0.9,persistence,1,10
4.49,1,3,1.2,0.7,0.005,2,0.9,persistence,1,10
4.50,1,3,1.2,0.7,0.005,2,0.9,persistence,1,10
4.51,1,3,1.2,0.7,0.005,2,0.9,persistence,1,10
4.52,1,3,1.2,0.7,0.005,2,0.9,persistence,1,10
4.53,1,3,1.2,0.7,0.005,2,0.9,persistence,1,10
4.54,1,3,1.2,0.7,0.005,2,0.9,persistence,1,10
4.55,1,3,1.2,0.7,0.005,2,0.9,persistence,1,10
4.56,1,3,1.2,0.7,0.005,2,0.9,persistence,1,10
4.57,1,3,1.2,0.7,0.005,2,0.9,persistence,1,10
4.58,1,3,1.2,0.7,0.005,2,0.9,persistence,1,10
4.59,1,3,1.2,0.7,0.005,2,0.9,persistence,1,10
4.60,1,3,1.2,0.7,0.005,2,0.9,persistence,1,10
4.61,1,3,1.2,0.7,0.005,2,0.9,persistence,1,10
4.62,1,3,1.2,0.7,0.005,2,0.9,persistence,1,10
4.63,1,3,1.2,0.7,0.005,2,0.9,persistence,1,10
4.64,1,3,1.2,0.7,0.005,2,0.9,persistence,1,10
4.65,1,3,1.2,0.7,0.005,2,0.9,persistence,1,10
4.66,1,3,1.2,0.7,0.005,2,0.9,persistence,1,10
4.67,1,3,1.2,0.7,0.005,2,0.9,persistence,1,10
4.68,1,3,1.2,0.7,0.005,2,0.9,persistence,1,10
4.69,1,3,1.2,0.7,0.005,2,0.9,persistence,1,10
4.70,1,3,1.2,0.7,0.005,2,0.9,persistence,2,10
4.71,1,3,1.2,0.7,0.005,2,0.9,persistence,1,10
4.72,1,3,1.2,0.7,0.005,2,0.9,persistence,1,10
4.73,1,3,1.2,0.7,0.005,2,0.9,persistence,1,10
4.74,1,3,1.2,0.7,0.005,2,0.9,persistence,1,10
4.75,1,3,1.2,0.7,0.005,2,0.9,persistence,1,10
4.76,1,3,1.2,0.7,0.005,2,0.9,persistence,1,10
4.77,1,3,1.2,0.7,0.005,2,0.9,persistence,2,10
4.78,1,3,1.2,0.7,0.005,2,0.9,persistence,1,10
4.79,1,3,1.2,0.7,0.005,2,0.9,persistence,1,10
4.80,1,3,1.2,0.7,0.005,2,0.9,persistence,1,10
4.81,1,3,1.2,0.7,0.005,2,0.9,persistence,1,10
4.82,1,3,1.2,0.7,0.005,2,0.9,persistence,1,10
4.83,1,3,1.2,0.7,0.005,2,0.9,persistence,1,10
4.84,1,3,1.2,0.7,0.005,2,0.9,persistence,1,10
4.85,1,3,1.2,0.7,0.005,2,0.9,persistence,2.5,10
4.86,1,3,1.2,0.7,0.005,2,0.9,persistence,1,10
4.87,1,3,1.2,0.7,0.005,2,0.9,persistence,1,10
4.88,1,3,1.2,0.7,0.005,2,0.9,persistence,1,10
4.89,1,3,1.2,0.7,0.005,2,0.9,persistence,1,10
4.90,1,3,1.2,0.7,0.005,2,0.9,persistence,1,10
4.91,1,3,1.2,0.7,0.005,2,0.9,persistence,1,10
4.92,1,3,1.2,0.7,0.005,2,0.9,persistence,1,10
4.93,1,3,1.2,0.7,0.005,2,0.9,persistence,1,10
4.94,1,3,1.2,0.7,0.005,2,0.9,persistence,1,10
4.95,1,3,1.2,0.7,0.005,2,0.9,persistence,2.5,10
4.96,1,3,1.2,0.7,0.005,2,0.9,persistence,1,10
4.97,1,3,1.2,0.7,0.005,2,0.9,persistence,1,10
4.98,1,3,1.2,0.7,0.005,2,0.9,persistence,1,10
4.99,1,3,1.2,0.7,0.005,2,0.9,persistence,1,10
5,0.75,3,1.2,0.7,0.005,2,0.9,persistence,1,10
5.1,0.75,3,1.2,0.7,0.005,2,0.9,persistence,1.5,10
5.2,0.75,3,1.2,0.7,0.005,2,0.9,persistence,1.5,10
5.3,0.75,3,1.2,0.7,0.005,2,0.9,persistence,1,10
5.4,0.75,3,1.2,0.7,0.005,2,0.9,persistence,1,10
5.5,0.75,3,1.2,0.7,0.005,2,0.9,persistence,1,10
5.6,0.75,3,1.2,0.7,0.005,2,0.9,persistence,1,10
5.7,0.75,3,1.2,0.7,0.005,2,0.9,persistence,1,10
5.8,0.75,3,1.2,0.7,0.005,2,0.9,persistence,1,10
5.9,0.75,3,1.2,0.7,0.005,2,0.9,persistence,1,10
5.10,0.75,3,1.2,0.7,0.005,2,0.9,persistence,1,10
5.11,0.75,3,1.2,0.7,0.005,2,0.9,persistence,1,10
5.12,0.75,3,1.2,0.7,0.005,2,0.9,persistence,1,10
5.13,0.75,3,1.2,0.7,0.005,2,0.9,persistence,1,10
5.14,0.75,3,1.2,0.7,0.005,2,0.9,persistence,1,10
5.15,0.75,3,1.2,0.7,0.005,2,0.9,persistence,1,10
5.16,0.75,3,1.2,0.7,0.005,2,0.9,persistence,1,10
5.17,0.75,3,1.2,0.7,0.005,2,0.9,persistence,1,10
5.18,0.75,3,1.2,0.7,0.005,2,0.9,persistence,1,10
5.19,0.75,3,1.2,0.7,0.005,2,0.9,persistence,1,10
5.20,0.75,3,1.2,0.7,0.005,2,0.9,persistence,1,10
5.21,0.75,3,1.2,0.7,0.005,2,0.9,persistence,1,10
5.22,0.75,3,1.2,0.7,0.005,2,0.9,persistence,1,10
5.23,0.75,3,1.2,0.7,0.005,2,0.9,persistence,1,10
5.24,0.75,3,1.2,0.7,0.005,2,0.9,persistence,1,10
5.25,0.75,3,1.2,0.7,0.005,2,0.9,persistence,1,10
5.26,0.75,3,1.2,0.7,0.005,2,0.9,persistence,1,10
5.27,0.75,3,1.2,0.7,0.005,2,0.9,persistence,1,10
5.28,0.75,3,1.2,0.7,0.005,2,0.9,persistence,1,10
5.29,0.75,3,1.2,0.7,0.005,2,0.9,persistence,1,10
5.30,0.75,3,1.2,0.7,0.005,2,0.9,persistence,1,10
5.31,0.75,3,1.2,0.7,0.005,2,0.9,persistence,1,10
5.32,0.75,3,1.2,0.7,0.005,2,0.9,persistence,1,10
5.33,0.75,3,1.2,0.7,0.005,2,0.9,persistence,1,10
5.34,0.75,3,1.2,0.7,0.005,2,0.9,persistence,1,10
5.35,0.75,3,1.2,0.7,0.005,2,0.9,persistence,1,10
5.36,0.75,3,1.2,0.7,0.005,2,0.9,persistence,1,10
5.37,0.75,3,1.2,0.7,0.005,2,0.9,persistence,1,10
5.38,0.75,3,1.2,0.7,0.005,2,0.9,persistence,1,10
5.39,0.75,3,1.2,0.7,0.005,2,0.9,persistence,1,10
5.40,0.75,3,1.2,0.7,0.005,2,0.9,persistence,1,10
5.41,0.75,3,1.2,0.7,0.005,2,0.9,persistence,1,10
5.42,0.75,3,1.2,0.7,0.005,2,0.9,persistence,1,10
5.43,0.75,3,1.2,0.7,0.005,2,0.9,persistence,1,10
5.44,0.75,3,1.2,0.7,0.005,2,0.9,persistence,1,10
5.45,0.75,3,1.2,0.7,0.005,2,0.9,persistence,1,10
5.46,0.75,3,1.2,0.7,0.005,2,0.9,persistence,1,10
5.47,0.75,3,1.2,0.7,0.005,2,0.9,persistence,1,10
5.48,0.75,3,1.2,0.7,0.005,2,0.9,persistence,2.5,10
5.49,0.75,3,1.2,0.7,0.005,2,0.9,persistence,1,10
5.50,0.75,3,1.2,0.7,0.005,2,0.9,persistence,1,10
5.51,0.75,3,1.2,0.7,0.005,2,0.9,persistence,1,10
5.52,0.75,3,1.2,0.7,0.005,2,0.9,persistence,1,10
5.53,0.75,3,1.2,0.7,0.005,2,0.9,persistence,1,10
5.54,0.75,3,1.2,0.7,0.005,2,0.9,persistence,1,10
5.55,0.75,3,1.2,0.7,0.005,2,0.9,persistence,1,10
5.56,0.75,3,1.2,0.7,0.005,2,0.9,persistence,1,10
5.57,0.75,3,1.2,0.7,0.005,2,0.9,persistence,1,10
5.58,0.75,3,1.2,0.7,0.005,2,0.9,persistence,1,10
5.59,0.75,3,1.2,0.7,0.005,2,0.9,persistence,1,10
5.60,0.75,3,1.2,0.7,0.005,2,0.9,persistence,1,10
5.61,0.75,3,1.2,0.7,0.005,2,0.9,persistence,1,10
5.62,0.75,3,1.2,0.7,0.005,2,0.9,persistence,1,10
5.63,0.75,3,1.2,0.7,0.005,2,0.9,persistence,2.5,10
5.64,0.75,3,1.2,0.7,0.005,2,0.9,persistence,1,10
5.65,0.75,3,1.2,0.7,0.005,2,0.9,persistence,1,10
5.66,0.75,3,1.2,0.7,0.005,2,0.9,persistence,1.5,10
5.67,0.75,3,1.2,0.7,0.005,2,0.9,persistence,1,10
5.68,0.75,3,1.2,0.7,0.005,2,0.9,persistence,1,10
5.69,0.75,3,1.2,0.7,0.005,2,0.9,persistence,1,10
5.70,0.75,3,1.2,0.7,0.005,2,0.9,persistence,1,10
5.71,0.75,3,1.2,0.7,0.005,2,0.9,persistence,1,10
5.72,0.75,3,1.2,0.7,0.005,2,0.9,persistence,1,10
5.73,0.75,3,1.2,0.7,0.005,2,0.9,persistence,1,10
5.74,0.75,3,1.2,0.7,0.005,2,0.9,persistence,1,10
5.75,0.75,3,1.2,0.7,0.005,2,0.9,persistence,1,10
5.76,0.75,3,1.2,0.7,0.005,2,0.9,persistence,1,10
5.77,0.75,3,1.2,0.7,0.005,2,0.9,persistence,1,10
5.78,0.75,3,1.2,0.7,0.005,2,0.9,persistence,1,10
5.79,0.75,3,1.2,0.7,0.005,2,0.9,persistence,1,10
5.80,0.75,3,1.2,0.7,0.005,2,0.9,persistence,1,10
5.81,0.75,3,1.2,0.7,0.005,2,0.9,persistence,2,10
5.82,0.75,3,1.2,0.7,0.005,2,0.9,persistence,1,10
5.83,0.75,3,1.2,0.7,0.005,2,0.9,persistence,1,10
5.84,0.75,3,1.2,0.7,0.005,2,0.9,persistence,1,10
5.85,0.75,3,1.2,0.7,0.005,2,0.9,persistence,1,10
5.86,0.75,3,1.2,0.7,0.005,2,0.9,persistence,1,10
5.87,0.75,3,1.2,0.7,0.005,2,0.9,persistence,1,10
5.88,0.75,3,1.2,0.7,0.005,2,0.9,persistence,1,10
5.89,0.75,3,1.2,0.7,0.005,2,0.9,persistence,1,10
5.90,0.75,3,1.2,0.7,0.005,2,0.9,persistence,1,10
5.91,0.75,3,1.2,0.7,0.005,2,0.9,persistence,1,10
5.92,0.75,3,1.2,0.7,0.005,2,0.9,persistence,1,10
5.93,0.75,3,1.2,0.7,0.005,2,0.9,persistence,1,10
5.94,0.75,3,1.2,0.7,0.005,2,0.9,persistence,1,10
5.95,0.75,3,1.2,0.7,0.005,2,0.9,persistence,1,10
5.96,0.75,3,1.2,0.7,0.005,2,0.9,persistence,1,10
5.97,0.75,3,1.2,0.7,0.005,2,0.9,persistence,1,10
5.98,0.75,3,1.2,0.7,0.005,2,0.9,persistence,1,10
5.99,0.75,3,1.2,0.7,0.005,2,0.9,persistence,1,10
6,0.5,3,1.2,0.7,0.005,2,0.9,persistence,1,10
6.1,0.5,3,1.2,0.7,0.005,2,0.9,persistence,1,10
6.2,0.5,3,1.2,0.7,0.005,2,0.9,persistence,1,10
6.3,0.5,3,1.2,0.7,0.005,2,0.9,persistence,1,10
6.4,0.5,3,1.2,0.7,0.005,2,0.9,persistence,1,10
6.5,0.5,3,1.2,0.7,0.005,2,0.9,persistence,1,10
6.6,0.5,3,1.2,0.7,0.005,2,0.9,persistence,1,10
6.7,0.5,3,1.2,0.7,0.005,2,0.9,persistence,1,10
6.8,0.5,3,1.2,0.7,0.005,2,0.9,persistence,1,10
6.9,0.5,3,1.2,0.7,0.005,2,0.9,persistence,1,10
6.10,0.5,3,1.2,0.7,0.005,2,0.9,persistence,1,10
6.11,0.5,3,1.2,0.7,0.005,2,0.9,persistence,1,10
6.12,0.5,3,1.2,0.7,0.005,2,0.9,persistence,1,10
6.13,0.5,3,1.2,0.7,0.005,2,0.9,persistence,1,10
6.14,0.5,3,1.2,0.7,0.005,2,0.9,persistence,1,10
6.15,0.5,3,1.2,0.7,0.005,2,0.9,persistence,1,10
6.16,0.5,3,1.2,0.7,0.005,2,0.9,persistence,1,10
6.17,0.5,3,1.2,0.7,0.005,2,0.9,persistence,1,10
6.18,0.5,3,1.2,0.7,0.005,2,0.9,persistence,1,10
6.19,0.5,3,1.2,0.7,0.005,2,0.9,persistence,1,10
6.20,0.5,3,1.2,0.7,0.005,2,0.9,persistence,1,10
6.21,0.5,3,1.2,0.7,0.005,2,0.9,persistence,1,10
6.22,0.5,3,1.2,0.7,0.005,2,0.9,persistence,1,10
6.23,0.5,3,1.2,0.7,0.005,2,0.9,persistence,1,10
6.24,0.5,3,1.2,0.7,0.005,2,0.9,persistence,1,10
6.25,0.5,3,1.2,0.7,0.005,2,0.9,persistence,1,10
6.26,0.5,3,1.2,0.7,0.005,2,0.9,persistence,1,10
6.27,0.5,3,1.2,0.7,0.005,2,0.9,persistence,1,10
6.28,0.5,3,1.2,0.7,0.005,2,0.9,persistence,1,10
6.29,0.5,3,1.2,0.7,0.005,2,0.9,persistence,1,10
6.30,0.5,3,1.2,0.7,0.005,2,0.9,persistence,1,10
6.31,0.5,3,1.2,0.7,0.005,2,0.9,persistence,1,10
6.32,0.5,3,1.2,0.7,0.005,2,0.9,persistence,1,10
6.33,0.5,3,1.2,0.7,0.005,2,0.9,persistence,1,10
6.34,0.5,3,1.2,0.7,0.005,2,0.9,persistence,1,10
6.35,0.5,3,1.2,0.7,0.005,2,0.9,persistence,1,10
6.36,0.5,3,1.2,0.7,0.005,2,0.9,persistence,1,10
6.37,0.5,3,1.2,0.7,0.005,2,0.9,persistence,1.5,10
6.38,0.5,3,1.2,0.7,0.005,2,0.9,persistence,1,10
6.39,0.5,3,1.2,0.7,0.005,2,0.9,persistence,1,10
6.40,0.5,3,1.2,0.7,0.005,2,0.9,persistence,1,10
6.41,0.5,3,1.2,0.7,0.005,2,0.9,persistence,1,10
6.42,0.5,3,1.2,0.7,0.005,2,0.9,persistence,1,10
6.43,0.5,3,1.2,0.7,0.005,2,0.9,persistence,1,10
6.44,0.5,3,1.2,0.7,0.005,2,0.9,persistence,1,10
6.45,0.5,3,1.2,0.7,0.005,2,0.9,persistence,1,10
6.46,0.5,3,1.2,0.7,0.005,2,0.9,persistence,1,10
6.47,0.5,3,1.2,0.7,0.005,2,0.9,persistence,1,10
6.48,0.5,3,1.2,0.7,0.005,2,0.9,persistence,1,10
6.49,0.5,3,1.2,0.7,0.005,2,0.9,persistence,1,10
6.50,0.5,3,1.2,0.7,0.005,2,0.9,persistence,1,10
6.51,0.5,3,1.2,0.7,0.005,2,0.9,persistence,1,10
6.52,0.5,3,1.2,0.7,0.005,2,0.9,persistence,1,10
6.53,0.5,3,1.2,0.7,0.005,2,0.9,persistence,1,10
6.54,0.5,3,1.2,0.7,0.005,2,0.9,persistence,1,10
6.55,0.5,3,1.2,0.7,0.005,2,0.9,persistence,1,10
6.56,0.5,3,1.2,0.7,0.005,2,0.9,persistence,1,10
6.57,0.5,3,1.2,0.7,0.005,2,0.9,persistence,1,10
6.58,0.5,3,1.2,0.7,0.005,2,0.9,persistence,1,10
6.59,0.5,3,1.2,0.7,0.005,2,0.9,persistence,1,10
6.60,0.5,3,1.2,0.7,0.005,2,0.9,persistence,1,10
6.61,0.5,3,1.2,0.7,0.005,2,0.9,persistence,1,10
6.62,0.5,3,1.2,0.7,0.005,2,0.9,persistence,1,10
6.63,0.5,3,1.2,0.7,0.005,2,0.9,persistence,1,10
6.64,0.5,3,1.2,0.7,0.005,2,0.9,persistence,1,10
6.65,0.5,3,1.2,0.7,0.005,2,0.9,persistence,1,10
6.66,0.5,3,1.2,0.7,0.005,2,0.9,persistence,1,10
6.67,0.5,3,1.2,0.7,0.005,2,0.9,persistence,1,10
6.68,0.5,3,1.2,0.7,0.005,2,0.9,persistence,1,10
6.69,0.5,3,1.2,0.7,0.005,2,0.9,persistence,1,10
6.70,0.5,3,1.2,0.7,0.005,2,0.9,persistence,1,10
6.71,0.5,3,1.2,0.7,0.005,2,0.9,persistence,1,10
6.72,0.5,3,1.2,0.7,0.005,2,0.9,persistence,1,10
6.73,0.5,3,1.2,0.7,0.005,2,0.9,persistence,1,10
6.74,0.5,3,1.2,0.7,0.005,2,0.9,persistence,1.5,10
6.75,0.5,3,1.2,0.7,0.005,2,0.9,persistence,1,10
6.76,0.5,3,1.2,0.7,0.005,2,0.9,persistence,1,10
6.77,0.5,3,1.2,0.7,0.005,2,0.9,persistence,1,10
6.78,0.5,3,1.2,0.7,0.005,2,0.9,persistence,1.5,10
6.79,0.5,3,1.2,0.7,0.005,2,0.9,persistence,1.5,10
6.80,0.5,3,1.2,0.7,0.005,2,0.9,persistence,1,10
6.81,0.5,3,1.2,0.7,0.005,2,0.9,persistence,1,10
6.82,0.5,3,1.2,0.7,0.005,2,0.9,persistence,1,10
6.83,0.5,3,1.2,0.7,0.005,2,0.9,persistence,1,10
6.84,0.5,3,1.2,0.7,0.005,2,0.9,persistence,1,10
6.85,0.5,3,1.2,0.7,0.005,2,0.9,persistence,1,10
6.86,0.5,3,1.2,0.7,0.005,2,0.9,persistence,1,10
6.87,0.5,3,1.2,0.7,0.005,2,0.9,persistence,1,10
6.88,0.5,3,1.2,0.7,0.005,2,0.9,persistence,1,10
6.89,0.5,3,1.2,0.7,0.005,2,0.9,persistence,1,10
6.90,0.5,3,1.2,0.7,0.005,2,0.9,persistence,1,10
6.91,0.5,3,1.2,0.7,0.005,2,0.9,persistence,1,10
6.92,0.5,3,1.2,0.7,0.005,2,0.9,persistence,1,10
6.93,0.5,3,1.2,0.7,0.005,2,0.9,persistence,1,10
6.94,0.5,3,1.2,0.7,0.005,2,0.9,persistence,1,10
6.95,0.5,3,1.2,0.7,0.005,2,0.9,persistence,1,10
6.96,0.5,3,1.2,0.7,0.005,2,0.9,persistence,1,10
6.97,0.5,3,1.2,0.7,0.005,2,0.9,persistence,1,10
6.98,0.5,3,1.2,0.7,0.005,2,0.9,persistence,1,10
6.99,0.5,3,1.2,0.7,0.005,2,0.9,persistence,1,10
7,1,3,1.2,0.7,0.01,2,0.9,persistence,1.5,10
7.1,1,3,1.2,0.7,0.01,2,0.9,persistence,2,10
7.2,1,3,1.2,0.7,0.01,2,0.9,persistence,1,10
7.3,1,3,1.2,0.7,0.01,2,0.9,persistence,2,9
7.4,1,3,1.2,0.7,0.01,2,0.9,persistence,1,10
7.5,1,3,1.2,0.7,0.01,2,0.9,persistence,2,10
7.6,1,3,1.2,0.7,0.01,2,0.9,persistence,1,10
7.7,1,3,1.2,0.7,0.01,2,0.9,persistence,2,10
7.8,1,3,1.2,0.7,0.01,2,0.9,persistence,1,9
7.9,1,3,1.2,0.7,0.01,2,0.9,persistence,1,10
7.10,1,3,1.2,0.7,0.01,2,0.9,persistence,1,10
7.11,1,3,1.2,0.7,0.01,2,0.9,persistence,1,10
7.12,1,3,1.2,0.7,0.01,2,0.9,persistence,2.5,10
7.13,1,3,1.2,0.7,0.01,2,0.9,persistence,2,10
7.14,1,3,1.2,0.7,0.01,2,0.9,persistence,2.5,10
7.15,1,3,1.2,0.7,0.01,2,0.9,persistence,1,10
7.16,1,3,1.2,0.7,0.01,2,0.9,persistence,2.5,10
7.17,1,3,1.2,0.7,0.01,2,0.9,persistence,2,10
7.18,1,3,1.2,0.7,0.01,2,0.9,persistence,1,10
7.19,1,3,1.2,0.7,0.01,2,0.9,persistence,1,10
7.20,1,3,1.2,0.7,0.01,2,0.9,persistence,1,10
7.21,1,3,1.2,0.7,0.01,2,0.9,persistence,1,10
7.22,1,3,1.2,0.7,0.01,2,0.9,persistence,1,10
7.23,1,3,1.2,0.7,0.01,2,0.9,persistence,1,10
7.24,1,3,1.2,0.7,0.01,2,0.9,persistence,1,10
7.25,1,3,1.2,0.7,0.01,2,0.9,persistence,1.5,10
7.26,1,3,1.2,0.7,0.01,2,0.9,persistence,2,10
7.27,1,3,1.2,0.7,0.01,2,0.9,persistence,2,10
7.28,1,3,1.2,0.7,0.01,2,0.9,persistence,1,10
7.29,1,3,1.2,0.7,0.01,2,0.9,persistence,1,10
7.30,1,3,1.2,0.7,0.01,2,0.9,persistence,1,10
7.31,1,3,1.2,0.7,0.01,2,0.9,persistence,1.5,10
7.32,1,3,1.2,0.7,0.01,2,0.9,persistence,2,10
7.33,1,3,1.2,0.7,0.01,2,0.9,persistence,1,10
7.34,1,3,1.2,0.7,0.01,2,0.9,persistence,1,10
7.35,1,3,1.2,0.7,0.01,2,0.9,persistence,2.5,10
7.36,1,3,1.2,0.7,0.01,2,0.9,persistence,2,10
7.37,1,3,1.2,0.7,0.01,2,0.9,persistence,1,10
7.38,1,3,1.2,0.7,0.01,2,0.9,persistence,2.5,10
7.39,1,3,1.2,0.7,0.01,2,0.9,persistence,1,10
7.40,1,3,1.2,0.7,0.01,2,0.9,persistence,2.5,10
7.41,1,3,1.2,0.7,0.01,2,0.9,persistence,1,10
7.42,1,3,1.2,0.7,0.01,2,0.9,persistence,1,10
7.43,1,3,1.2,0.7,0.01,2,0.9,persistence,1,10
7.44,1,3,1.2,0.7,0.01,2,0.9,persistence,2.5,10
7.45,1,3,1.2,0.7,0.01,2,0.9,persistence,1,10
7.46,1,3,1.2,0.7,0.01,2,0.9,persistence,1,10
7.47,1,3,1.2,0.7,0.01,2,0.9,persistence,1,10
7.48,1,3,1.2,0.7,0.01,2,0.9,persistence,1,10
7.49,1,3,1.2,0.7,0.01,2,0.9,persistence,1,10
7.50,1,3,1.2,0.7,0.01,2,0.9,persistence,1,10
7.51,1,3,1.2,0.7,0.01,2,0.9,persistence,1,10
7.52,1,3,1.2,0.7,0.01,2,0.9,persistence,2,10
7.53,1,3,1.2,0.7,0.01,2,0.9,persistence,1,10
7.54,1,3,1.2,0.7,0.01,2,0.9,persistence,1,10
7.55,1,3,1.2,0.7,0.01,2,0.9,persistence,1,10
7.56,1,3,1.2,0.7,0.01,2,0.9,persistence,1,10
7.57,1,3,1.2,0.7,0.01,2,0.9,persistence,1,10
7.58,1,3,1.2,0.7,0.01,2,0.9,persistence,1,10
7.59,1,3,1.2,0.7,0.01,2,0.9,persistence,2.5,10
7.60,1,3,1.2,0.7,0.01,2,0.9,persistence,1,10
7.61,1,3,1.2,0.7,0.01,2,0.9,persistence,1,10
7.62,1,3,1.2,0.7,0.01,2,0.9,persistence,1,10
7.63,1,3,1.2,0.7,0.01,2,0.9,persistence,1,10
7.64,1,3,1.2,0.7,0.01,2,0.9,persistence,1,10
7.65,1,3,1.2,0.7,0.01,2,0.9,persistence,3,10
7.66,1,3,1.2,0.7,0.01,2,0.9,persistence,1,10
7.67,1,3,1.2,0.7,0.01,2,0.9,persistence,1,10
7.68,1,3,1.2,0.7,0.01,2,0.9,persistence,2,10
7.69,1,3,1.2,0.7,0.01,2,0.9,persistence,2,10
7.70,1,3,1.2,0.7,0.01,2,0.9,persistence,2,10
7.71,1,3,1.2,0.7,0.01,2,0.9,persistence,1.5,10
7.72,1,3,1.2,0.7,0.01,2,0.9,persistence,1.5,10
7.73,1,3,1.2,0.7,0.01,2,0.9,persistence,2.5,10
7.74,1,3,1.2,0.7,0.01,2,0.9,persistence,1,10
7.75,1,3,1.2,0.7,0.01,2,0.9,persistence,2.5,10
7.76,1,3,1.2,0.7,0.01,2,0.9,persistence,1,10
7.77,1,3,1.2,0.7,0.01,2,0.9,persistence,1.5,10
7.78,1,3,1.2,0.7,0.01,2,0.9,persistence,1,10
7.79,1,3,1.2,0.7,0.01,2,0.9,persistence,1,10
7.80,1,3,1.2,0.7,0.01,2,0.9,persistence,1,10
7.81,1,3,1.2,0.7,0.01,2,0.9,persistence,1,10
7.82,1,3,1.2,0.7,0.01,2,0.9,persistence,2.5,10
7.83,1,3,1.2,0.7,0.01,2,0.9,persistence,2.5,10
7.84,1,3,1.2,0.7,0.01,2,0.9,persistence,1,10
7.85,1,3,1.2,0.7,0.01,2,0.9,persistence,1,10
7.86,1,3,1.2,0.7,0.01,2,0.9,persistence,1,10
7.87,1,3,1.2,0.7,0.01,2,0.9,persistence,1,10
7.88,1,3,1.2,0.7,0.01,2,0.9,persistence,1,10
7.89,1,3,1.2,0.7,0.01,2,0.9,persistence,1,10
7.90,1,3,1.2,0.7,0.01,2,0.9,persistence,1,10
7.91,1,3,1.2,0.7,0.01,2,0.9,persistence,1,10
7.92,1,3,1.2,0.7,0.01,2,0.9,persistence,1,10
7.93,1,3,1.2,0.7,0.01,2,0.9,persistence,1,10
7.94,1,3,1.2,0.7,0.01,2,0.9,persistence,1,10
7.95,1,3,1.2,0.7,0.01,2,0.9,persistence,2.5,10
7.96,1,3,1.2,0.7,0.01,2,0.9,persistence,1,10
7.97,1,3,1.2,0.7,0.01,2,0.9,persistence,1,10
7.98,1,3,1.2,0.7,0.01,2,0.9,persistence,1.5,10
7.99,1,3,1.2,0.7,0.01,2,0.9,persistence,2.5,10
8,0.75,3,1.2,0.7,0.01,2,0.9,persistence,2,10
8.1,0.75,3,1.2,0.7,0.01,2,0.9,persistence,1,10
8.2,0.75,3,1.2,0.7,0.01,2,0.9,persistence,1,10
8.3,0.75,3,1.2,0.7,0.01,2,0.9,persistence,2,10
8.4,0.75,3,1.2,0.7,0.01,2,0.9,persistence,1,10
8.5,0.75,3,1.2,0.7,0.01,2,0.9,persistence,1,10
8.6,0.75,3,1.2,0.7,0.01,2,0.9,persistence,1,10
8.7,0.75,3,1.2,0.7,0.01,2,0.9,persistence,2.5,10
8.8,0.75,3,1.2,0.7,0.01,2,0.9,persistence,1,10
8.9,0.75,3,1.2,0.7,0.01,2,0.9,persistence,1,10
8.10,0.75,3,1.2,0.7,0.01,2,0.9,persistence,1,10
8.11,0.75,3,1.2,0.7,0.01,2,0.9,persistence,1,10
8.12,0.75,3,1.2,0.7,0.01,2,0.9,persistence,1,10
8.13,0.75,3,1.2,0.7,0.01,2,0.9,persistence,1,10
8.14,0.75,3,1.2,0.7,0.01,2,0.9,persistence,1,10
8.15,0.75,3,1.2,0.7,0.01,2,0.9,persistence,1,10
8.16,0.75,3,1.2,0.7,0.01,2,0.9,persistence,1.5,10
8.17,0.75,3,1.2,0.7,0.01,2,0.9,persistence,2,10
8.18,0.75,3,1.2,0.7,0.01,2,0.9,persistence,2,10
8.19,0.75,3,1.2,0.7,0.01,2,0.9,persistence,1,10
8.20,0.75,3,1.2,0.7,0.01,2,0.9,persistence,1,10
8.21,0.75,3,1.2,0.7,0.01,2,0.9,persistence,1,10
8.22,0.75,3,1.2,0.7,0.01,2,0.9,persistence,1,10
8.23,0.75,3,1.2,0.7,0.01,2,0.9,persistence,1,10
8.24,0.75,3,1.2,0.7,0.01,2,0.9,persistence,1,10
8.25,0.75,3,1.2,0.7,0.01,2,0.9,persistence,1,10
8.26,0.75,3,1.2,0.7,0.01,2,0.9,persistence,1,10
8.27,0.75,3,1.2,0.7,0.01,2,0.9,persistence,1,10
8.28,0.75,3,1.2,0.7,0.01,2,0.9,persistence,1,10
8.29,0.75,3,1.2,0.7,0.01,2,0.9,persistence,3,10
8.30,0.75,3,1.2,0.7,0.01,2,0.9,persistence,2.5,10
8.31,0.75,3,1.2,0.7,0.01,2,0.9,persistence,1,10
8.32,0.75,3,1.2,0.7,0.01,2,0.9,persistence,1,10
8.33,0.75,3,1.2,0.7,0.01,2,0.9,persistence,1,10
8.34,0.75,3,1.2,0.7,0.01,2,0.9,persistence,2,10
8.35,0.75,3,1.2,0.7,0.01,2,0.9,persistence,1,10
8.36,0.75,3,1.2,0.7,0.01,2,0.9,persistence,1,10
8.37,0.75,3,1.2,0.7,0.01,2,0.9,persistence,1.5,10
8.38,0.75,3,1.2,0.7,0.01,2,0.9,persistence,1,10
8.39,0.75,3,1.2,0.7,0.01,2,0.9,persistence,1,10
8.40,0.75,3,1.2,0.7,0.01,2,0.9,persistence,1.5,10
8.41,0.75,3,1.2,0.7,0.01,2,0.9,persistence,1,10
8.42,0.75,3,1.2,0.7,0.01,2,0.9,persistence,1.5,10
8.43,0.75,3,1.2,0.7,0.01,2,0.9,persistence,1,10
8.44,0.75,3,1.2,0.7,0.01,2,0.9,persistence,1,10
8.45,0.75,3,1.2,0.7,0.01,2,0.9,persistence,1,10
8.46,0.75,3,1.2,0.7,0.01,2,0.9,persistence,1,10
8.47,0.75,3,1.2,0.7,0.01,2,0.9,persistence,1,10
8.48,0.75,3,1.2,0.7,0.01,2,0.9,persistence,1.5,10
8.49,0.75,3,1.2,0.7,0.01,2,0.9,persistence,1,10
8.50,0.75,3,1.2,0.7,0.01,2,0.9,persistence,1,10
8.51,0.75,3,1.2,0.7,0.01,2,0.9,persistence,1,10
8.52,0.75,3,1.2,0.7,0.01,2,0.9,persistence,1,10
8.53,0.75,3,1.2,0.7,0.01,2,0.9,persistence,2,10
8.54,0.75,3,1.2,0.7,0.01,2,0.9,persistence,1,10
8.55,0.75,3,1.2,0.7,0.01,2,0.9,persistence,1.5,10
8.56,0.75,3,1.2,0.7,0.01,2,0.9,persistence,1,10
8.57,0.75,3,1.2,0.7,0.01,2,0.9,persistence,2,10
8.58,0.75,3,1.2,0.7,0.01,2,0.9,persistence,1,10
8.59,0.75,3,1.2,0.7,0.01,2,0.9,persistence,1,10
8.60,0.75,3,1.2,0.7,0.01,2,0.9,persistence,1,10
8.61,0.75,3,1.2,0.7,0.01,2,0.9,persistence,1,10
8.62,0.75,3,1.2,0.7,0.01,2,0.9,persistence,1,10
8.63,0.75,3,1.2,0.7,0.01,2,0.9,persistence,1,10
8.64,0.75,3,1.2,0.7,0.01,2,0.9,persistence,1,10
8.65,0.75,3,1.2,0.7,0.01,2,0.9,persistence,1,10
8.66,0.75,3,1.2,0.7,0.01,2,0.9,persistence,1,10
8.67,0.75,3,1.2,0.7,0.01,2,0.9,persistence,1,10
8.68,0.75,3,1.2,0.7,0.01,2,0.9,persistence,1,10
8.69,0.75,3,1.2,0.7,0.01,2,0.9,persistence,1,10
8.70,0.75,3,1.2,0.7,0.01,2,0.9,persistence,1,10
8.71,0.75,3,1.2,0.7,0.01,2,0.9,persistence,1,10
8.72,0.75,3,1.2,0.7,0.01,2,0.9,persistence,1,10
8.73,0.75,3,1.2,0.7,0.01,2,0.9,persistence,2.5,10
8.74,0.75,3,1.2,0.7,0.01,2,0.9,persistence,1,10
8.75,0.75,3,1.2,0.7,0.01,2,0.9,persistence,1,10
8.76,0.75,3,1.2,0.7,0.01,2,0.9,persistence,2.5,10
8.77,0.75,3,1.2,0.7,0.01,2,0.9,persistence,2.5,10
8.78,0.75,3,1.2,0.7,0.01,2,0.9,persistence,1,10
8.79,0.75,3,1.2,0.7,0.01,2,0.9,persistence,2.5,10
8.80,0.75,3,1.2,0.7,0.01,2,0.9,persistence,1,10
8.81,0.75,3,1.2,0.7,0.01,2,0.9,persistence,1,10
8.82,0.75,3,1.2,0.7,0.01,2,0.9,persistence,1,10
8.83,0.75,3,1.2,0.7,0.01,2,0.9,persistence,2.5,10
8.84,0.75,3,1.2,0.7,0.01,2,0.9,persistence,1,10
8.85,0.75,3,1.2,0.7,0.01,2,0.9,persistence,1,10
8.86,0.75,3,1.2,0.7,0.01,2,0.9,persistence,1,10
8.87,0.75,3,1.2,0.7,0.01,2,0.9,persistence,2.5,10
8.88,0.75,3,1.2,0.7,0.01,2,0.9,persistence,1,10
8.89,0.75,3,1.2,0.7,0.01,2,0.9,persistence,2,10
8.90,0.75,3,1.2,0.7,0.01,2,0.9,persistence,1,10
8.91,0.75,3,1.2,0.7,0.01,2,0.9,persistence,1,10
8.92,0.75,3,1.2,0.7,0.01,2,0.9,persistence,1,10
8.93,0.75,3,1.2,0.7,0.01,2,0.9,persistence,1,10
8.94,0.75,3,1.2,0.7,0.01,2,0.9,persistence,2.5,10
8.95,0.75,3,1.2,0.7,0.01,2,0.9,persistence,1.5,10
8.96,0.75,3,1.2,0.7,0.01,2,0.9,persistence,2,10
8.97,0.75,3,1.2,0.7,0.01,2,0.9,persistence,3,10
8.98,0.75,3,1.2,0.7,0.01,2,0.9,persistence,1,10
8.99,0.75,3,1.2,0.7,0.01,2,0.9,persistence,1,10
9,0.5,3,1.2,0.7,0.01,2,0.9,persistence,1,10
9.1,0.5,3,1.2,0.7,0.01,2,0.9,persistence,3,10
9.2,0.5,3,1.2,0.7,0.01,2,0.9,persistence,1,10
9.3,0.5,3,1.2,0.7,0.01,2,0.9,persistence,1,10
9.4,0.5,3,1.2,0.7,0.01,2,0.9,persistence,1,10
9.5,0.5,3,1.2,0.7,0.01,2,0.9,persistence,3,10
9.6,0.5,3,1.2,0.7,0.01,2,0.9,persistence,1,10
9.7,0.5,3,1.2,0.7,0.01,2,0.9,persistence,1,10
9.8,0.5,3,1.2,0.7,0.01,2,0.9,persistence,1,10
9.9,0.5,3,1.2,0.7,0.01,2,0.9,persistence,1,10
9.10,0.5,3,1.2,0.7,0.01,2,0.9,persistence,1,10
9.11,0.5,3,1.2,0.7,0.01,2,0.9,persistence,1,10
9.12,0.5,3,1.2,0.7,0.01,2,0.9,persistence,1,10
9.13,0.5,3,1.2,0.7,0.01,2,0.9,persistence,1,10
9.14,0.5,3,1.2,0.7,0.01,2,0.9,persistence,1,10
9.15,0.5,3,1.2,0.7,0.01,2,0.9,persistence,1,10
9.16,0.5,3,1.2,0.7,0.01,2,0.9,persistence,1,10
9.17,0.5,3,1.2,0.7,0.01,2,0.9,persistence,1,10
9.18,0.5,3,1.2,0.7,0.01,2,0.9,persistence,1,10
9.19,0.5,3,1.2,0.7,0.01,2,0.9,persistence,1,10
9.20,0.5,3,1.2,0.7,0.01,2,0.9,persistence,1,10
9.21,0.5,3,1.2,0.7,0.01,2,0.9,persistence,1,10
9.22,0.5,3,1.2,0.7,0.01,2,0.9,persistence,1,10
9.23,0.5,3,1.2,0.7,0.01,2,0.9,persistence,1,10
9.24,0.5,3,1.2,0.7,0.01,2,0.9,persistence,1,10
9.25,0.5,3,1.2,0.7,0.01,2,0.9,persistence,2,10
9.26,0.5,3,1.2,0.7,0.01,2,0.9,persistence,3,10
9.27,0.5,3,1.2,0.7,0.01,2,0.9,persistence,1,10
9.28,0.5,3,1.2,0.7,0.01,2,0.9,persistence,1,10
9.29,0.5,3,1.2,0.7,0.01,2,0.9,persistence,1,10
9.30,0.5,3,1.2,0.7,0.01,2,0.9,persistence,1,10
9.31,0.5,3,1.2,0.7,0.01,2,0.9,persistence,1,10
9.32,0.5,3,1.2,0.7,0.01,2,0.9,persistence,1,10
9.33,0.5,3,1.2,0.7,0.01,2,0.9,persistence,1.5,10
9.34,0.5,3,1.2,0.7,0.01,2,0.9,persistence,1,10
9.35,0.5,3,1.2,0.7,0.01,2,0.9,persistence,1,10
9.36,0.5,3,1.2,0.7,0.01,2,0.9,persistence,1,10
9.37,0.5,3,1.2,0.7,0.01,2,0.9,persistence,1.5,10
9.38,0.5,3,1.2,0.7,0.01,2,0.9,persistence,2,10
9.39,0.5,3,1.2,0.7,0.01,2,0.9,persistence,1,10
9.40,0.5,3,1.2,0.7,0.01,2,0.9,persistence,1,10
9.41,0.5,3,1.2,0.7,0.01,2,0.9,persistence,1.5,10
9.42,0.5,3,1.2,0.7,0.01,2,0.9,persistence,1,10
9.43,0.5,3,1.2,0.7,0.01,2,0.9,persistence,1,10
9.44,0.5,3,1.2,0.7,0.01,2,0.9,persistence,1,10
9.45,0.5,3,1.2,0.7,0.01,2,0.9,persistence,1,10
9.46,0.5,3,1.2,0.7,0.01,2,0.9,persistence,1,10
9.47,0.5,3,1.2,0.7,0.01,2,0.9,persistence,1.5,10
9.48,0.5,3,1.2,0.7,0.01,2,0.9,persistence,1.5,10
9.49,0.5,3,1.2,0.7,0.01,2,0.9,persistence,1,10
9.50,0.5,3,1.2,0.7,0.01,2,0.9,persistence,1,10
9.51,0.5,3,1.2,0.7,0.01,2,0.9,persistence,2,10
9.52,0.5,3,1.2,0.7,0.01,2,0.9,persistence,3.5,10
9.53,0.5,3,1.2,0.7,0.01,2,0.9,persistence,1,10
9.54,0.5,3,1.2,0.7,0.01,2,0.9,persistence,1,10
9.55,0.5,3,1.2,0.7,0.01,2,0.9,persistence,1,10
9.56,0.5,3,1.2,0.7,0.01,2,0.9,persistence,1.5,10
9.57,0.5,3,1.2,0.7,0.01,2,0.9,persistence,1,10
9.58,0.5,3,1.2,0.7,0.01,2,0.9,persistence,1,10
9.59,0.5,3,1.2,0.7,0.01,2,0.9,persistence,1.5,10
9.60,0.5,3,1.2,0.7,0.01,2,0.9,persistence,1,10
9.61,0.5,3,1.2,0.7,0.01,2,0.9,persistence,1,10
9.62,0.5,3,1.2,0.7,0.01,2,0.9,persistence,2.5,10
9.63,0.5,3,1.2,0.7,0.01,2,0.9,persistence,1,10
9.64,0.5,3,1.2,0.7,0.01,2,0.9,persistence,1,10
9.65,0.5,3,1.2,0.7,0.01,2,0.9,persistence,3.5,10
9.66,0.5,3,1.2,0.7,0.01,2,0.9,persistence,1,10
9.67,0.5,3,1.2,0.7,0.01,2,0.9,persistence,1,10
9.68,0.5,3,1.2,0.7,0.01,2,0.9,persistence,1,10
9.69,0.5,3,1.2,0.7,0.01,2,0.9,persistence,2.5,10
9.70,0.5,3,1.2,0.7,0.01,2,0.9,persistence,1,10
9.71,0.5,3,1.2,0.7,0.01,2,0.9,persistence,1,10
9.72,0.5,3,1.2,0.7,0.01,2,0.9,persistence,1,10
9.73,0.5,3,1.2,0.7,0.01,2,0.9,persistence,1,10
9.74,0.5,3,1.2,0.7,0.01,2,0.9,persistence,1,10
9.75,0.5,3,1.2,0.7,0.01,2,0.9,persistence,1,10
9.76,0.5,3,1.2,0.7,0.01,2,0.9,persistence,3,10
9.77,0.5,3,1.2,0.7,0.01,2,0.9,persistence,1,10
9.78,0.5,3,1.2,0.7,0.01,2,0.9,persistence,1,10
9.79,0.5,3,1.2,0.7,0.01,2,0.9,persistence,1,10
9.80,0.5,3,1.2,0.7,0.01,2,0.9,persistence,1,10
9.81,0.5,3,1.2,0.7,0.01,2,0.9,persistence,2,10
9.82,0.5,3,1.2,0.7,0.01,2,0.9,persistence,2,10
9.83,0.5,3,1.2,0.7,0.01,2,0.9,persistence,1,10
9.84,0.5,3,1.2,0.7,0.01,2,0.9,persistence,2,10
9.85,0.5,3,1.2,0.7,0.01,2,0.9,persistence,1.5,10
9.86,0.5,3,1.2,0.7,0.01,2,0.9,persistence,1,10
9.87,0.5,3,1.2,0.7,0.01,2,0.9,persistence,1,10
9.88,0.5,3,1.2,0.7,0.01,2,0.9,persistence,1,10
9.89,0.5,3,1.2,0.7,0.01,2,0.9,persistence,1,10
9.90,0.5,3,1.2,0.7,0.01,2,0.9,persistence,1,10
9.91,0.5,3,1.2,0.7,0.01,2,0.9,persistence,2.5,10
9.92,0.5,3,1.2,0.7,0.01,2,0.9,persistence,1.5,10
9.93,0.5,3,1.2,0.7,0.01,2,0.9,persistence,3,10
9.94,0.5,3,1.2,0.7,0.01,2,0.9,persistence,1,10
9.95,0.5,3,1.2,0.7,0.01,2,0.9,persistence,1,10
9.96,0.5,3,1.2,0.7,0.01,2,0.9,persistence,1,10
9.97,0.5,3,1.2,0.7,0.01,2,0.9,persistence,2,10
9.98,0.5,3,1.2,0.7,0.01,2,0.9,persistence,2.5,10
9.99,0.5,3,1.2,0.7,0.01,2,0.9,persistence,1,10
10,1,3,1.2,0.7,0.015,2,0.9,persistence,1.5,10
10.1,1,3,1.2,0.7,0.015,2,0.9,persistence,1.5,10
10.2,1,3,1.2,0.7,0.015,2,0.9,persistence,1,9
10.3,1,3,1.2,0.7,0.015,2,0.9,persistence,2.5,10
10.4,1,3,1.2,0.7,0.015,2,0.9,persistence,2,10
10.5,1,3,1.2,0.7,0.015,2,0.9,persistence,3.5,9
10.6,1,3,1.2,0.7,0.015,2,0.9,persistence,2.5,9
10.7,1,3,1.2,0.7,0.015,2,0.9,persistence,1.5,10
10.8,1,3,1.2,0.7,0.015,2,0.9,persistence,2,10
10.9,1,3,1.2,0.7,0.015,2,0.9,persistence,1,10
10.10,1,3,1.2,0.7,0.015,2,0.9,persistence,1.5,9
10.11,1,3,1.2,0.7,0.015,2,0.9,persistence,1,10
10.12,1,3,1.2,0.7,0.015,2,0.9,persistence,3.5,10
10.13,1,3,1.2,0.7,0.015,2,0.9,persistence,1,10
10.14,1,3,1.2,0.7,0.015,2,0.9,persistence,1.5,10
10.15,1,3,1.2,0.7,0.015,2,0.9,persistence,1,9
10.16,1,3,1.2,0.7,0.015,2,0.9,persistence,2.5,10
10.17,1,3,1.2,0.7,0.015,2,0.9,persistence,1,10
10.18,1,3,1.2,0.7,0.015,2,0.9,persistence,2.5,10
10.19,1,3,1.2,0.7,0.015,2,0.9,persistence,1,10
10.20,1,3,1.2,0.7,0.015,2,0.9,persistence,1,9
10.21,1,3,1.2,0.7,0.015,2,0.9,persistence,1,10
10.22,1,3,1.2,0.7,0.015,2,0.9,persistence,2.5,9
10.23,1,3,1.2,0.7,0.015,2,0.9,persistence,1,10
10.24,1,3,1.2,0.7,0.015,2,0.9,persistence,1,9
10.25,1,3,1.2,0.7,0.015,2,0.9,persistence,2,10
10.26,1,3,1.2,0.7,0.015,2,0.9,persistence,1,9
10.27,1,3,1.2,0.7,0.015,2,0.9,persistence,1,10
10.28,1,3,1.2,0.7,0.015,2,0.9,persistence,1.5,10
10.29,1,3,1.2,0.7,0.015,2,0.9,persistence,1,9
10.30,1,3,1.2,0.7,0.015,2,0.9,persistence,2,9
10.31,1,3,1.2,0.7,0.015,2,0.9,persistence,1,9
10.32,1,3,1.2,0.7,0.015,2,0.9,persistence,1.5,10
10.33,1,3,1.2,0.7,0.015,2,0.9,persistence,2.5,9
10.34,1,3,1.2,0.7,0.015,2,0.9,persistence,2.5,10
10.35,1,3,1.2,0.7,0.015,2,0.9,persistence,2,10
10.36,1,3,1.2,0.7,0.015,2,0.9,persistence,1,9
10.37,1,3,1.2,0.7,0.015,2,0.9,persistence,2.5,10
10.38,1,3,1.2,0.7,0.015,2,0.9,persistence,2,10
10.39,1,3,1.2,0.7,0.015,2,0.9,persistence,2,10
10.40,1,3,1.2,0.7,0.015,2,0.9,persistence,2.5,10
10.41,1,3,1.2,0.7,0.015,2,0.9,persistence,3,10
10.42,1,3,1.2,0.7,0.015,2,0.9,persistence,2,10
10.43,1,3,1.2,0.7,0.015,2,0.9,persistence,2,10
10.44,1,3,1.2,0.7,0.015,2,0.9,persistence,2,10
10.45,1,3,1.2,0.7,0.015,2,0.9,persistence,1,9
10.46,1,3,1.2,0.7,0.015,2,0.9,persistence,1,10
10.47,1,3,1.2,0.7,0.015,2,0.9,persistence,1,10
10.48,1,3,1.2,0.7,0.015,2,0.9,persistence,1.5,10
10.49,1,3,1.2,0.7,0.015,2,0.9,persistence,2,10
10.50,1,3,1.2,0.7,0.015,2,0.9,persistence,3,10
10.51,1,3,1.2,0.7,0.015,2,0.9,persistence,2,10
10.52,1,3,1.2,0.7,0.015,2,0.9,persistence,1,9
10.53,1,3,1.2,0.7,0.015,2,0.9,persistence,2.5,10
10.54,1,3,1.2,0.7,0.015,2,0.9,persistence,3.5,10
10.55,1,3,1.2,0.7,0.015,2,0.9,persistence,1,10
10.56,1,3,1.2,0.7,0.015,2,0.9,persistence,2,10
10.57,1,3,1.2,0.7,0.015,2,0.9,persistence,1,10
10.58,1,3,1.2,0.7,0.015,2,0.9,persistence,1,10
10.59,1,3,1.2,0.7,0.015,2,0.9,persistence,2,10
10.60,1,3,1.2,0.7,0.015,2,0.9,persistence,1.5,8
10.61,1,3,1.2,0.7,0.015,2,0.9,persistence,1,10
10.62,1,3,1.2,0.7,0.015,2,0.9,persistence,1,9
10.63,1,3,1.2,0.7,0.015,2,0.9,persistence,2,9
10.64,1,3,1.2,0.7,0.015,2,0.9,persistence,1,10
10.65,1,3,1.2,0.7,0.015,2,0.9,persistence,1,9
10.66,1,3,1.2,0.7,0.015,2,0.9,persistence,1.5,10
10.67,1,3,1.2,0.7,0.015,2,0.9,persistence,1,9
10.68,1,3,1.2,0.7,0.015,2,0.9,persistence,2.5,10
10.69,1,3,1.2,0.7,0.015,2,0.9,persistence,2,10
10.70,1,3,1.2,0.7,0.015,2,0.9,persistence,1.5,10
10.71,1,3,1.2,0.7,0.015,2,0.9,persistence,2,10
10.72,1,3,1.2,0.7,0.015,2,0.9,persistence,2.5,10
10.73,1,3,1.2,0.7,0.015,2,0.9,persistence,1.5,9
10.74,1,3,1.2,0.7,0.015,2,0.9,persistence,2.5,10
10.75,1,3,1.2,0.7,0.015,2,0.9,persistence,1,9
10.76,1,3,1.2,0.7,0.015,2,0.9,persistence,1,9
10.77,1,3,1.2,0.7,0.015,2,0.9,persistence,2,10
10.78,1,3,1.2,0.7,0.015,2,0.9,persistence,1,10
10.79,1,3,1.2,0.7,0.015,2,0.9,persistence,1.5,10
10.80,1,3,1.2,0.7,0.015,2,0.9,persistence,1.5,10
10.81,1,3,1.2,0.7,0.015,2,0.9,persistence,1,9
10.82,1,3,1.2,0.7,0.015,2,0.9,persistence,1,10
10.83,1,3,1.2,0.7,0.015,2,0.9,persistence,1.5,9
10.84,1,3,1.2,0.7,0.015,2,0.9,persistence,1.5,9
10.85,1,3,1.2,0.7,0.015,2,0.9,persistence,2,8
10.86,1,3,1.2,0.7,0.015,2,0.9,persistence,1,10
10.87,1,3,1.2,0.7,0.015,2,0.9,persistence,2,10
10.88,1,3,1.2,0.7,0.015,2,0.9,persistence,1,10
10.89,1,3,1.2,0.7,0.015,2,0.9,persistence,2.5,10
10.90,1,3,1.2,0.7,0.015,2,0.9,persistence,1.5,10
10.91,1,3,1.2,0.7,0.015,2,0.9,persistence,1,9
10.92,1,3,1.2,0.7,0.015,2,0.9,persistence,1,7
10.93,1,3,1.2,0.7,0.015,2,0.9,persistence,3,10
10.94,1,3,1.2,0.7,0.015,2,0.9,persistence,1,10
10.95,1,3,1.2,0.7,0.015,2,0.9,persistence,1.5,9
10.96,1,3,1.2,0.7,0.015,2,0.9,persistence,2.5,10
10.97,1,3,1.2,0.7,0.015,2,0.9,persistence,2,10
10.98,1,3,1.2,0.7,0.015,2,0.9,persistence,1,10
10.99,1,3,1.2,0.7,0.015,2,0.9,persistence,1.5,10
11,0.75,3,1.2,0.7,0.015,2,0.9,persistence,1,10
11.1,0.75,3,1.2,0.7,0.015,2,0.9,persistence,2.5,10
11.2,0.75,3,1.2,0.7,0.015,2,0.9,persistence,1,10
11.3,0.75,3,1.2,0.7,0.015,2,0.9,persistence,2,10
11.4,0.75,3,1.2,0.7,0.015,2,0.9,persistence,1,9
11.5,0.75,3,1.2,0.7,0.015,2,0.9,persistence,3,10
11.6,0.75,3,1.2,0.7,0.015,2,0.9,persistence,1,9
11.7,0.75,3,1.2,0.7,0.015,2,0.9,persistence,2.5,10
11.8,0.75,3,1.2,0.7,0.015,2,0.9,persistence,1,10
11.9,0.75,3,1.2,0.7,0.015,2,0.9,persistence,2.5,10
11.10,0.75,3,1.2,0.7,0.015,2,0.9,persistence,1.5,10
11.11,0.75,3,1.2,0.7,0.015,2,0.9,persistence,2,10
11.12,0.75,3,1.2,0.7,0.015,2,0.9,persistence,1,10
11.13,0.75,3,1.2,0.7,0.015,2,0.9,persistence,1,9
11.14,0.75,3,1.2,0.7,0.015,2,0.9,persistence,1,10
11.15,0.75,3,1.2,0.7,0.015,2,0.9,persistence,2,10
11.16,0.75,3,1.2,0.7,0.015,2,0.9,persistence,1,10
11.17,0.75,3,1.2,0.7,0.015,2,0.9,persistence,2,10
11.18,0.75,3,1.2,0.7,0.015,2,0.9,persistence,1,10
11.19,0.75,3,1.2,0.7,0.015,2,0.9,persistence,3,9
11.20,0.75,3,1.2,0.7,0.015,2,0.9,persistence,1,10
11.21,0.75,3,1.2,0.7,0.015,2,0.9,persistence,1,9
11.22,0.75,3,1.2,0.7,0.015,2,0.9,persistence,3,10
11.23,0.75,3,1.2,0.7,0.015,2,0.9,persistence,1,10
11.24,0.75,3,1.2,0.7,0.015,2,0.9,persistence,2.5,10
11.25,0.75,3,1.2,0.7,0.015,2,0.9,persistence,2,10
11.26,0.75,3,1.2,0.7,0.015,2,0.9,persistence,3,10
11.27,0.75,3,1.2,0.7,0.015,2,0.9,persistence,1.5,10
11.28,0.75,3,1.2,0.7,0.015,2,0.9,persistence,2.5,10
11.29,0.75,3,1.2,0.7,0.015,2,0.9,persistence,1,9
11.30,0.75,3,1.2,0.7,0.015,2,0.9,persistence,2,10
11.31,0.75,3,1.2,0.7,0.015,2,0.9,persistence,1.5,10
11.32,0.75,3,1.2,0.7,0.015,2,0.9,persistence,2,10
11.33,0.75,3,1.2,0.7,0.015,2,0.9,persistence,2.5,10
11.34,0.75,3,1.2,0.7,0.015,2,0.9,persistence,2,9
11.35,0.75,3,1.2,0.7,0.015,2,0.9,persistence,1,9
11.36,0.75,3,1.2,0.7,0.015,2,0.9,persistence,2.5,10
11.37,0.75,3,1.2,0.7,0.015,2,0.9,persistence,2.5,10
11.38,0.75,3,1.2,0.7,0.015,2,0.9,persistence,1,10
11.39,0.75,3,1.2,0.7,0.015,2,0.9,persistence,2.5,10
11.40,0.75,3,1.2,0.7,0.015,2,0.9,persistence,1,9
11.41,0.75,3,1.2,0.7,0.015,2,0.9,persistence,2,10
11.42,0.75,3,1.2,0.7,0.015,2,0.9,persistence,2.5,10
11.43,0.75,3,1.2,0.7,0.015,2,0.9,persistence,1,9
11.44,0.75,3,1.2,0.7,0.015,2,0.9,persistence,2.5,9
11.45,0.75,3,1.2,0.7,0.015,2,0.9,persistence,1.5,10
11.46,0.75,3,1.2,0.7,0.015,2,0.9,persistence,1,10
11.47,0.75,3,1.2,0.7,0.015,2,0.9,persistence,2,9
11.48,0.75,3,1.2,0.7,0.015,2,0.9,persistence,1.5,10
11.49,0.75,3,1.2,0.7,0.015,2,0.9,persistence,2.5,10
11.50,0.75,3,1.2,0.7,0.015,2,0.9,persistence,3.5,10
11.51,0.75,3,1.2,0.7,0.015,2,0.9,persistence,1.5,10
11.52,0.75,3,1.2,0.7,0.015,2,0.9,persistence,1,9
11.53,0.75,3,1.2,0.7,0.015,2,0.9,persistence,2.5,10
11.54,0.75,3,1.2,0.7,0.015,2,0.9,persistence,2,10
11.55,0.75,3,1.2,0.7,0.015,2,0.9,persistence,1.5,10
11.56,0.75,3,1.2,0.7,0.015,2,0.9,persistence,2.5,10
11.57,0.75,3,1.2,0.7,0.015,2,0.9,persistence,1,10
11.58,0.75,3,1.2,0.7,0.015,2,0.9,persistence,2,10
11.59,0.75,3,1.2,0.7,0.015,2,0.9,persistence,1,9
11.60,0.75,3,1.2,0.7,0.015,2,0.9,persistence,2.5,9
11.61,0.75,3,1.2,0.7,0.015,2,0.9,persistence,1,10
11.62,0.75,3,1.2,0.7,0.015,2,0.9,persistence,1.5,10
11.63,0.75,3,1.2,0.7,0.015,2,0.9,persistence,1,10
11.64,0.75,3,1.2,0.7,0.015,2,0.9,persistence,3,10
11.65,0.75,3,1.2,0.7,0.015,2,0.9,persistence,2.5,10
11.66,0.75,3,1.2,0.7,0.015,2,0.9,persistence,1,10
11.67,0.75,3,1.2,0.7,0.015,2,0.9,persistence,1,10
11.68,0.75,3,1.2,0.7,0.015,2,0.9,persistence,1,9
11.69,0.75,3,1.2,0.7,0.015,2,0.9,persistence,2.5,10
11.70,0.75,3,1.2,0.7,0.015,2,0.9,persistence,1.5,10
11.71,0.75,3,1.2,0.7,0.015,2,0.9,persistence,2,9
11.72,0.75,3,1.2,0.7,0.015,2,0.9,persistence,1.5,9
11.73,0.75,3,1.2,0.7,0.015,2,0.9,persistence,2,10
11.74,0.75,3,1.2,0.7,0.015,2,0.9,persistence,2.5,10
11.75,0.75,3,1.2,0.7,0.015,2,0.9,persistence,1,10
11.76,0.75,3,1.2,0.7,0.015,2,0.9,persistence,1.5,10
11.77,0.75,3,1.2,0.7,0.015,2,0.9,persistence,2.5,10
11.78,0.75,3,1.2,0.7,0.015,2,0.9,persistence,1,10
11.79,0.75,3,1.2,0.7,0.015,2,0.9,persistence,2,10
11.80,0.75,3,1.2,0.7,0.015,2,0.9,persistence,1,10
11.81,0.75,3,1.2,0.7,0.015,2,0.9,persistence,1,10
11.82,0.75,3,1.2,0.7,0.015,2,0.9,persistence,1,10
11.83,0.75,3,1.2,0.7,0.015,2,0.9,persistence,2,10
11.84,0.75,3,1.2,0.7,0.015,2,0.9,persistence,1,8
11.85,0.75,3,1.2,0.7,0.015,2,0.9,persistence,2,10
11.86,0.75,3,1.2,0.7,0.015,2,0.9,persistence,1,10
11.87,0.75,3,1.2,0.7,0.015,2,0.9,persistence,1,10
11.88,0.75,3,1.2,0.7,0.015,2,0.9,persistence,2.5,9
11.89,0.75,3,1.2,0.7,0.015,2,0.9,persistence,1,10
11.90,0.75,3,1.2,0.7,0.015,2,0.9,persistence,2,10
11.91,0.75,3,1.2,0.7,0.015,2,0.9,persistence,2,10
11.92,0.75,3,1.2,0.7,0.015,2,0.9,persistence,3.5,10
11.93,0.75,3,1.2,0.7,0.015,2,0.9,persistence,1,10
11.94,0.75,3,1.2,0.7,0.015,2,0.9,persistence,2,10
11.95,0.75,3,1.2,0.7,0.015,2,0.9,persistence,2.5,10
11.96,0.75,3,1.2,0.7,0.015,2,0.9,persistence,2.5,10
11.97,0.75,3,1.2,0.7,0.015,2,0.9,persistence,1,10
11.98,0.75,3,1.2,0.7,0.015,2,0.9,persistence,1,10
11.99,0.75,3,1.2,0.7,0.015,2,0.9,persistence,1,10
12,0.5,3,1.2,0.7,0.015,2,0.9,persistence,1,10
12.1,0.5,3,1.2,0.7,0.015,2,0.9,persistence,1,10
12.2,0.5,3,1.2,0.7,0.015,2,0.9,persistence,3,10
12.3,0.5,3,1.2,0.7,0.015,2,0.9,persistence,2.5,10
12.4,0.5,3,1.2,0.7,0.015,2,0.9,persistence,1,10
12.5,0.5,3,1.2,0.7,0.015,2,0.9,persistence,1,9
12.6,0.5,3,1.2,0.7,0.015,2,0.9,persistence,1,10
12.7,0.5,3,1.2,0.7,0.015,2,0.9,persistence,2,10
12.8,0.5,3,1.2,0.7,0.015,2,0.9,persistence,2,10
12.9,0.5,3,1.2,0.7,0.015,2,0.9,persistence,2.5,10
12.10,0.5,3,1.2,0.7,0.015,2,0.9,persistence,1,10
12.11,0.5,3,1.2,0.7,0.015,2,0.9,persistence,1,10
12.12,0.5,3,1.2,0.7,0.015,2,0.9,persistence,2,10
12.13,0.5,3,1.2,0.7,0.015,2,0.9,persistence,1,10
12.14,0.5,3,1.2,0.7,0.015,2,0.9,persistence,1,10
12.15,0.5,3,1.2,0.7,0.015,2,0.9,persistence,3,10
12.16,0.5,3,1.2,0.7,0.015,2,0.9,persistence,2,10
12.17,0.5,3,1.2,0.7,0.015,2,0.9,persistence,2.5,10
12.18,0.5,3,1.2,0.7,0.015,2,0.9,persistence,1,10
12.19,0.5,3,1.2,0.7,0.015,2,0.9,persistence,1,10
12.20,0.5,3,1.2,0.7,0.015,2,0.9,persistence,2.5,10
12.21,0.5,3,1.2,0.7,0.015,2,0.9,persistence,2.5,10
12.22,0.5,3,1.2,0.7,0.015,2,0.9,persistence,1,10
12.23,0.5,3,1.2,0.7,0.015,2,0.9,persistence,2.5,10
12.24,0.5,3,1.2,0.7,0.015,2,0.9,persistence,1.5,10
12.25,0.5,3,1.2,0.7,0.015,2,0.9,persistence,1,10
12.26,0.5,3,1.2,0.7,0.015,2,0.9,persistence,1,10
12.27,0.5,3,1.2,0.7,0.015,2,0.9,persistence,1,10
12.28,0.5,3,1.2,0.7,0.015,2,0.9,persistence,1,10
12.29,0.5,3,1.2,0.7,0.015,2,0.9,persistence,1.5,10
12.30,0.5,3,1.2,0.7,0.015,2,0.9,persistence,2.5,10
12.31,0.5,3,1.2,0.7,0.015,2,0.9,persistence,1,10
12.32,0.5,3,1.2,0.7,0.015,2,0.9,persistence,1,10
12.33,0.5,3,1.2,0.7,0.015,2,0.9,persistence,1,10
12.34,0.5,3,1.2,0.7,0.015,2,0.9,persistence,1,10
12.35,0.5,3,1.2,0.7,0.015,2,0.9,persistence,2.5,10
12.36,0.5,3,1.2,0.7,0.015,2,0.9,persistence,2,10
12.37,0.5,3,1.2,0.7,0.015,2,0.9,persistence,2.5,10
12.38,0.5,3,1.2,0.7,0.015,2,0.9,persistence,2,10
12.39,0.5,3,1.2,0.7,0.015,2,0.9,persistence,2.5,10
12.40,0.5,3,1.2,0.7,0.015,2,0.9,persistence,1,10
12.41,0.5,3,1.2,0.7,0.015,2,0.9,persistence,2,10
12.42,0.5,3,1.2,0.7,0.015,2,0.9,persistence,1,10
12.43,0.5,3,1.2,0.7,0.015,2,0.9,persistence,3,9
12.44,0.5,3,1.2,0.7,0.015,2,0.9,persistence,1.5,10
12.45,0.5,3,1.2,0.7,0.015,2,0.9,persistence,2.5,10
12.46,0.5,3,1.2,0.7,0.015,2,0.9,persistence,1,10
12.47,0.5,3,1.2,0.7,0.015,2,0.9,persistence,2.5,10
12.48,0.5,3,1.2,0.7,0.015,2,0.9,persistence,1,10
12.49,0.5,3,1.2,0.7,0.015,2,0.9,persistence,1.5,10
12.50,0.5,3,1.2,0.7,0.015,2,0.9,persistence,2,9
12.51,0.5,3,1.2,0.7,0.015,2,0.9,persistence,3,10
12.52,0.5,3,1.2,0.7,0.015,2,0.9,persistence,1,10
12.53,0.5,3,1.2,0.7,0.015,2,0.9,persistence,2,10
12.54,0.5,3,1.2,0.7,0.015,2,0.9,persistence,2.5,10
12.55,0.5,3,1.2,0.7,0.015,2,0.9,persistence,1,10
12.56,0.5,3,1.2,0.7,0.015,2,0.9,persistence,1,10
12.57,0.5,3,1.2,0.7,0.015,2,0.9,persistence,1,10
12.58,0.5,3,1.2,0.7,0.015,2,0.9,persistence,2,10
12.59,0.5,3,1.2,0.7,0.015,2,0.9,persistence,2.5,10
12.60,0.5,3,1.2,0.7,0.015,2,0.9,persistence,1,10
12.61,0.5,3,1.2,0.7,0.015,2,0.9,persistence,2,10
12.62,0.5,3,1.2,0.7,0.015,2,0.9,persistence,1,10
12.63,0.5,3,1.2,0.7,0.015,2,0.9,persistence,1,10
12.64,0.5,3,1.2,0.7,0.015,2,0.9,persistence,1,10
12.65,0.5,3,1.2,0.7,0.015,2,0.9,persistence,2,10
12.66,0.5,3,1.2,0.7,0.015,2,0.9,persistence,1,10
12.67,0.5,3,1.2,0.7,0.015,2,0.9,persistence,1,10
12.68,0.5,3,1.2,0.7,0.015,2,0.9,persistence,2.5,10
12.69,0.5,3,1.2,0.7,0.015,2,0.9,persistence,2.5,10
12.70,0.5,3,1.2,0.7,0.015,2,0.9,persistence,3,10
12.71,0.5,3,1.2,0.7,0.015,2,0.9,persistence,3,10
12.72,0.5,3,1.2,0.7,0.015,2,0.9,persistence,2.5,10
12.73,0.5,3,1.2,0.7,0.015,2,0.9,persistence,2,10
12.74,0.5,3,1.2,0.7,0.015,2,0.9,persistence,2,10
12.75,0.5,3,1.2,0.7,0.015,2,0.9,persistence,1,10
12.76,0.5,3,1.2,0.7,0.015,2,0.9,persistence,2.5,10
12.77,0.5,3,1.2,0.7,0.015,2,0.9,persistence,1.5,10
12.78,0.5,3,1.2,0.7,0.015,2,0.9,persistence,1,10
12.79,0.5,3,1.2,0.7,0.015,2,0.9,persistence,1,10
12.80,0.5,3,1.2,0.7,0.015,2,0.9,persistence,1,10
12.81,0.5,3,1.2,0.7,0.015,2,0.9,persistence,2.5,10
12.82,0.5,3,1.2,0.7,0.015,2,0.9,persistence,2.5,10
12.83,0.5,3,1.2,0.7,0.015,2,0.9,persistence,1,10
12.84,0.5,3,1.2,0.7,0.015,2,0.9,persistence,1,10
12.85,0.5,3,1.2,0.7,0.015,2,0.9,persistence,1,10
12.86,0.5,3,1.2,0.7,0.015,2,0.9,persistence,1.5,10
12.87,0.5,3,1.2,0.7,0.015,2,0.9,persistence,2,10
12.88,0.5,3,1.2,0.7,0.015,2,0.9,persistence,2,10
12.89,0.5,3,1.2,0.7,0.015,2,0.9,persistence,1,10
12.90,0.5,3,1.2,0.7,0.015,2,0.9,persistence,1,10
12.91,0.5,3,1.2,0.7,0.015,2,0.9,persistence,1.5,10
12.92,0.5,3,1.2,0.7,0.015,2,0.9,persistence,1,10
12.93,0.5,3,1.2,0.7,0.015,2,0.9,persistence,1,10
12.94,0.5,3,1.2,0.7,0.015,2,0.9,persistence,3,10
12.95,0.5,3,1.2,0.7,0.015,2,0.9,persistence,1,10
12.96,0.5,3,1.2,0.7,0.015,2,0.9,persistence,2.5,10
12.97,0.5,3,1.2,0.7,0.015,2,0.9,persistence,1.5,10
12.98,0.5,3,1.2,0.7,0.015,2,0.9,persistence,1,10
12.99,0.5,3,1.2,0.7,0.015,2,0.9,persistence,2.5,10
13,1,3,1.2,0.7,0.02,2,0.9,persistence,1,10
13.1,1,3,1.2,0.7,0.02,2,0.9,persistence,1,10
13.2,1,3,1.2,0.7,0.02,2,0.9,persistence,1,7
13.3,1,3,1.2,0.7,0.02,2,0.9,persistence,1,8
13.4,1,3,1.2,0.7,0.02,2,0.9,persistence,1,8
13.5,1,3,1.2,0.7,0.02,2,0.9,persistence,1,8
13.6,1,3,1.2,0.7,0.02,2,0.9,persistence,1,8
13.7,1,3,1.2,0.7,0.02,2,0.9,persistence,1,8
13.8,1,3,1.2,0.7,0.02,2,0.9,persistence,1,8
13.9,1,3,1.2,0.7,0.02,2,0.9,persistence,1,9
13.10,1,3,1.2,0.7,0.02,2,0.9,persistence,1,7
13.11,1,3,1.2,0.7,0.02,2,0.9,persistence,1.5,8
13.12,1,3,1.2,0.7,0.02,2,0.9,persistence,1,8
13.13,1,3,1.2,0.7,0.02,2,0.9,persistence,1,9
13.14,1,3,1.2,0.7,0.02,2,0.9,persistence,1,10
13.15,1,3,1.2,0.7,0.02,2,0.9,persistence,1,9
13.16,1,3,1.2,0.7,0.02,2,0.9,persistence,1,9
13.17,1,3,1.2,0.7,0.02,2,0.9,persistence,1.5,8
13.18,1,3,1.2,0.7,0.02,2,0.9,persistence,2,10
13.19,1,3,1.2,0.7,0.02,2,0.9,persistence,1,9
13.20,1,3,1.2,0.7,0.02,2,0.9,persistence,1,9
13.21,1,3,1.2,0.7,0.02,2,0.9,persistence,1,8
13.22,1,3,1.2,0.7,0.02,2,0.9,persistence,1.5,8
13.23,1,3,1.2,0.7,0.02,2,0.9,persistence,1,9
13.24,1,3,1.2,0.7,0.02,2,0.9,persistence,1,8
13.25,1,3,1.2,0.7,0.02,2,0.9,persistence,2,9
13.26,1,3,1.2,0.7,0.02,2,0.9,persistence,1,9
13.27,1,3,1.2,0.7,0.02,2,0.9,persistence,1.5,8
13.28,1,3,1.2,0.7,0.02,2,0.9,persistence,1.5,9
13.29,1,3,1.2,0.7,0.02,2,0.9,persistence,1.5,10
13.30,1,3,1.2,0.7,0.02,2,0.9,persistence,1.5,8
13.31,1,3,1.2,0.7,0.02,2,0.9,persistence,1,7
13.32,1,3,1.2,0.7,0.02,2,0.9,persistence,1,7
13.33,1,3,1.2,0.7,0.02,2,0.9,persistence,2,8
13.34,1,3,1.2,0.7,0.02,2,0.9,persistence,1,9
13.35,1,3,1.2,0.7,0.02,2,0.9,persistence,1,8
13.36,1,3,1.2,0.7,0.02,2,0.9,persistence,1.5,8
13.37,1,3,1.2,0.7,0.02,2,0.9,persistence,1,8
13.38,1,3,1.2,0.7,0.02,2,0.9,persistence,1,9
13.39,1,3,1.2,0.7,0.02,2,0.9,persistence,1,7
13.40,1,3,1.2,0.7,0.02,2,0.9,persistence,2,8
13.41,1,3,1.2,0.7,0.02,2,0.9,persistence,1,10
13.42,1,3,1.2,0.7,0.02,2,0.9,persistence,2,7
13.43,1,3,1.2,0.7,0.02,2,0.9,persistence,1,9
13.44,1,3,1.2,0.7,0.02,2,0.9,persistence,1.5,10
13.45,1,3,1.2,0.7,0.02,2,0.9,persistence,1,9
13.46,1,3,1.2,0.7,0.02,2,0.9,persistence,1.5,8
13.47,1,3,1.2,0.7,0.02,2,0.9,persistence,1,9
13.48,1,3,1.2,0.7,0.02,2,0.9,persistence,1,9
13.49,1,3,1.2,0.7,0.02,2,0.9,persistence,1,9
13.50,1,3,1.2,0.7,0.02,2,0.9,persistence,1,9
13.51,1,3,1.2,0.7,0.02,2,0.9,persistence,1,10
13.52,1,3,1.2,0.7,0.02,2,0.9,persistence,1,9
13.53,1,3,1.2,0.7,0.02,2,0.9,persistence,1,8
13.54,1,3,1.2,0.7,0.02,2,0.9,persistence,2.5,8
13.55,1,3,1.2,0.7,0.02,2,0.9,persistence,1,9
13.56,1,3,1.2,0.7,0.02,2,0.9,persistence,1,8
13.57,1,3,1.2,0.7,0.02,2,0.9,persistence,1,8
13.58,1,3,1.2,0.7,0.02,2,0.9,persistence,1,8
13.59,1,3,1.2,0.7,0.02,2,0.9,persistence,1,7
13.60,1,3,1.2,0.7,0.02,2,0.9,persistence,2,9
13.61,1,3,1.2,0.7,0.02,2,0.9,persistence,1,8
13.62,1,3,1.2,0.7,0.02,2,0.9,persistence,2,8
13.63,1,3,1.2,0.7,0.02,2,0.9,persistence,1,8
13.64,1,3,1.2,0.7,0.02,2,0.9,persistence,1,9
13.65,1,3,1.2,0.7,0.02,2,0.9,persistence,1,10
13.66,1,3,1.2,0.7,0.02,2,0.9,persistence,1,8
13.67,1,3,1.2,0.7,0.02,2,0.9,persistence,2,9
13.68,1,3,1.2,0.7,0.02,2,0.9,persistence,1,8
13.69,1,3,1.2,0.7,0.02,2,0.9,persistence,1.5,8
13.70,1,3,1.2,0.7,0.02,2,0.9,persistence,1,9
13.71,1,3,1.2,0.7,0.02,2,0.9,persistence,1,9
13.72,1,3,1.2,0.7,0.02,2,0.9,persistence,1,8
13.73,1,3,1.2,0.7,0.02,2,0.9,persistence,1,8
13.74,1,3,1.2,0.7,0.02,2,0.9,persistence,2,9
13.75,1,3,1.2,0.7,0.02,2,0.9,persistence,1,8
13.76,1,3,1.2,0.7,0.02,2,0.9,persistence,1.5,8
13.77,1,3,1.2,0.7,0.02,2,0.9,persistence,1,9
13.78,1,3,1.2,0.7,0.02,2,0.9,persistence,1,9
13.79,1,3,1.2,0.7,0.02,2,0.9,persistence,2,8
13.80,1,3,1.2,0.7,0.02,2,0.9,persistence,1,9
13.81,1,3,1.2,0.7,0.02,2,0.9,persistence,1,10
13.82,1,3,1.2,0.7,0.02,2,0.9,persistence,1,7
13.83,1,3,1.2,0.7,0.02,2,0.9,persistence,1,9
13.84,1,3,1.2,0.7,0.02,2,0.9,persistence,2,10
13.85,1,3,1.2,0.7,0.02,2,0.9,persistence,1,9
13.86,1,3,1.2,0.7,0.02,2,0.9,persistence,1,8
13.87,1,3,1.2,0.7,0.02,2,0.9,persistence,1,8
13.88,1,3,1.2,0.7,0.02,2,0.9,persistence,2.5,10
13.89,1,3,1.2,0.7,0.02,2,0.9,persistence,1,9
13.90,1,3,1.2,0.7,0.02,2,0.9,persistence,1.5,8
13.91,1,3,1.2,0.7,0.02,2,0.9,persistence,1,10
13.92,1,3,1.2,0.7,0.02,2,0.9,persistence,1,8
13.93,1,3,1.2,0.7,0.02,2,0.9,persistence,2,8
13.94,1,3,1.2,0.7,0.02,2,0.9,persistence,1,10
13.95,1,3,1.2,0.7,0.02,2,0.9,persistence,2.5,8
13.96,1,3,1.2,0.7,0.02,2,0.9,persistence,1,8
13.97,1,3,1.2,0.7,0.02,2,0.9,persistence,1,7
13.98,1,3,1.2,0.7,0.02,2,0.9,persistence,1,9
13.99,1,3,1.2,0.7,0.02,2,0.9,persistence,1,8
14,0.75,3,1.2,0.7,0.02,2,0.9,persistence,2.5,8
14.1,0.75,3,1.2,0.7,0.02,2,0.9,persistence,1,9
14.2,0.75,3,1.2,0.7,0.02,2,0.9,persistence,2,9
14.3,0.75,3,1.2,0.7,0.02,2,0.9,persistence,1,9
14.4,0.75,3,1.2,0.7,0.02,2,0.9,persistence,1,8
14.5,0.75,3,1.2,0.7,0.02,2,0.9,persistence,1,10
14.6,0.75,3,1.2,0.7,0.02,2,0.9,persistence,1.5,8
14.7,0.75,3,1.2,0.7,0.02,2,0.9,persistence,1.5,9
14.8,0.75,3,1.2,0.7,0.02,2,0.9,persistence,1.5,9
14.9,0.75,3,1.2,0.7,0.02,2,0.9,persistence,1,8
14.10,0.75,3,1.2,0.7,0.02,2,0.9,persistence,1,9
14.11,0.75,3,1.2,0.7,0.02,2,0.9,persistence,2,9
14.12,0.75,3,1.2,0.7,0.02,2,0.9,persistence,1,9
14.13,0.75,3,1.2,0.7,0.02,2,0.9,persistence,1,9
14.14,0.75,3,1.2,0.7,0.02,2,0.9,persistence,1,10
14.15,0.75,3,1.2,0.7,0.02,2,0.9,persistence,1,9
14.16,0.75,3,1.2,0.7,0.02,2,0.9,persistence,2.5,8
14.17,0.75,3,1.2,0.7,0.02,2,0.9,persistence,1,9
14.18,0.75,3,1.2,0.7,0.02,2,0.9,persistence,1,9
14.19,0.75,3,1.2,0.7,0.02,2,0.9,persistence,2,9
14.20,0.75,3,1.2,0.7,0.02,2,0.9,persistence,1,9
14.21,0.75,3,1.2,0.7,0.02,2,0.9,persistence,1.5,9
14.22,0.75,3,1.2,0.7,0.02,2,0.9,persistence,2,9
14.23,0.75,3,1.2,0.7,0.02,2,0.9,persistence,2.5,10
14.24,0.75,3,1.2,0.7,0.02,2,0.9,persistence,1,8
14.25,0.75,3,1.2,0.7,0.02,2,0.9,persistence,2.5,8
14.26,0.75,3,1.2,0.7,0.02,2,0.9,persistence,1,8
14.27,0.75,3,1.2,0.7,0.02,2,0.9,persistence,1.5,9
14.28,0.75,3,1.2,0.7,0.02,2,0.9,persistence,1,9
14.29,0.75,3,1.2,0.7,0.02,2,0.9,persistence,1,10
14.30,0.75,3,1.2,0.7,0.02,2,0.9,persistence,1,8
14.31,0.75,3,1.2,0.7,0.02,2,0.9,persistence,2,9
14.32,0.75,3,1.2,0.7,0.02,2,0.9,persistence,2,9
14.33,0.75,3,1.2,0.7,0.02,2,0.9,persistence,1,7
14.34,0.75,3,1.2,0.7,0.02,2,0.9,persistence,1,10
14.35,0.75,3,1.2,0.7,0.02,2,0.9,persistence,1.5,7
14.36,0.75,3,1.2,0.7,0.02,2,0.9,persistence,1.5,9
14.37,0.75,3,1.2,0.7,0.02,2,0.9,persistence,2,8
14.38,0.75,3,1.2,0.7,0.02,2,0.9,persistence,1,8
14.39,0.75,3,1.2,0.7,0.02,2,0.9,persistence,1.5,8
14.40,0.75,3,1.2,0.7,0.02,2,0.9,persistence,1,8
14.41,0.75,3,1.2,0.7,0.02,2,0.9,persistence,1.5,10
14.42,0.75,3,1.2,0.7,0.02,2,0.9,persistence,1,9
14.43,0.75,3,1.2,0.7,0.02,2,0.9,persistence,1.5,9
14.44,0.75,3,1.2,0.7,0.02,2,0.9,persistence,1,8
14.45,0.75,3,1.2,0.7,0.02,2,0.9,persistence,2.5,8
14.46,0.75,3,1.2,0.7,0.02,2,0.9,persistence,1,7
14.47,0.75,3,1.2,0.7,0.02,2,0.9,persistence,2.5,9
14.48,0.75,3,1.2,0.7,0.02,2,0.9,persistence,1.5,8
14.49,0.75,3,1.2,0.7,0.02,2,0.9,persistence,2,9
14.50,0.75,3,1.2,0.7,0.02,2,0.9,persistence,1.5,9
14.51,0.75,3,1.2,0.7,0.02,2,0.9,persistence,2.5,9
14.52,0.75,3,1.2,0.7,0.02,2,0.9,persistence,2,10
14.53,0.75,3,1.2,0.7,0.02,2,0.9,persistence,1.5,9
14.54,0.75,3,1.2,0.7,0.02,2,0.9,persistence,1,7
14.55,0.75,3,1.2,0.7,0.02,2,0.9,persistence,2,9
14.56,0.75,3,1.2,0.7,0.02,2,0.9,persistence,1.5,9
14.57,0.75,3,1.2,0.7,0.02,2,0.9,persistence,1,10
14.58,0.75,3,1.2,0.7,0.02,2,0.9,persistence,1,9
14.59,0.75,3,1.2,0.7,0.02,2,0.9,persistence,2.5,10
14.60,0.75,3,1.2,0.7,0.02,2,0.9,persistence,1,8
14.61,0.75,3,1.2,0.7,0.02,2,0.9,persistence,2,10
14.62,0.75,3,1.2,0.7,0.02,2,0.9,persistence,2,10
14.63,0.75,3,1.2,0.7,0.02,2,0.9,persistence,2,8
14.64,0.75,3,1.2,0.7,0.02,2,0.9,persistence,1,10
14.65,0.75,3,1.2,0.7,0.02,2,0.9,persistence,1.5,9
14.66,0.75,3,1.2,0.7,0.02,2,0.9,persistence,1.5,10
14.67,0.75,3,1.2,0.7,0.02,2,0.9,persistence,1,9
14.68,0.75,3,1.2,0.7,0.02,2,0.9,persistence,1,7
14.69,0.75,3,1.2,0.7,0.02,2,0.9,persistence,2,9
14.70,0.75,3,1.2,0.7,0.02,2,0.9,persistence,2,7
14.71,0.75,3,1.2,0.7,0.02,2,0.9,persistence,1,9
14.72,0.75,3,1.2,0.7,0.02,2,0.9,persistence,1,7
14.73,0.75,3,1.2,0.7,0.02,2,0.9,persistence,1,10
14.74,0.75,3,1.2,0.7,0.02,2,0.9,persistence,2,7
14.75,0.75,3,1.2,0.7,0.02,2,0.9,persistence,1,9
14.76,0.75,3,1.2,0.7,0.02,2,0.9,persistence,1,9
14.77,0.75,3,1.2,0.7,0.02,2,0.9,persistence,1.5,10
14.78,0.75,3,1.2,0.7,0.02,2,0.9,persistence,2.5,10
14.79,0.75,3,1.2,0.7,0.02,2,0.9,persistence,1.5,10
14.80,0.75,3,1.2,0.7,0.02,2,0.9,persistence,1.5,8
14.81,0.75,3,1.2,0.7,0.02,2,0.9,persistence,1,9
14.82,0.75,3,1.2,0.7,0.02,2,0.9,persistence,1,9
14.83,0.75,3,1.2,0.7,0.02,2,0.9,persistence,1.5,7
14.84,0.75,3,1.2,0.7,0.02,2,0.9,persistence,1,9
14.85,0.75,3,1.2,0.7,0.02,2,0.9,persistence,1,10
14.86,0.75,3,1.2,0.7,0.02,2,0.9,persistence,1,8
14.87,0.75,3,1.2,0.7,0.02,2,0.9,persistence,1,9
14.88,0.75,3,1.2,0.7,0.02,2,0.9,persistence,2,9
14.89,0.75,3,1.2,0.7,0.02,2,0.9,persistence,1,10
14.90,0.75,3,1.2,0.7,0.02,2,0.9,persistence,1,9
14.91,0.75,3,1.2,0.7,0.02,2,0.9,persistence,1,8
14.92,0.75,3,1.2,0.7,0.02,2,0.9,persistence,1,8
14.93,0.75,3,1.2,0.7,0.02,2,0.9,persistence,2.5,8
14.94,0.75,3,1.2,0.7,0.02,2,0.9,persistence,1.5,8
14.95,0.75,3,1.2,0.7,0.02,2,0.9,persistence,2.5,8
14.96,0.75,3,1.2,0.7,0.02,2,0.9,persistence,1,9
14.97,0.75,3,1.2,0.7,0.02,2,0.9,persistence,1,9
14.98,0.75,3,1.2,0.7,0.02,2,0.9,persistence,1,8
14.99,0.75,3,1.2,0.7,0.02,2,0.9,persistence,1,10
15,0.5,3,1.2,0.7,0.02,2,0.9,persistence,3,9
15.1,0.5,3,1.2,0.7,0.02,2,0.9,persistence,1,9
15.2,0.5,3,1.2,0.7,0.02,2,0.9,persistence,2.5,9
15.3,0.5,3,1.2,0.7,0.02,2,0.9,persistence,1,10
15.4,0.5,3,1.2,0.7,0.02,2,0.9,persistence,3,10
15.5,0.5,3,1.2,0.7,0.02,2,0.9,persistence,2.5,10
15.6,0.5,3,1.2,0.7,0.02,2,0.9,persistence,1,8
15.7,0.5,3,1.2,0.7,0.02,2,0.9,persistence,1.5,10
15.8,0.5,3,1.2,0.7,0.02,2,0.9,persistence,1.5,10
15.9,0.5,3,1.2,0.7,0.02,2,0.9,persistence,3,9
15.10,0.5,3,1.2,0.7,0.02,2,0.9,persistence,2.5,9
15.11,0.5,3,1.2,0.7,0.02,2,0.9,persistence,3,9
15.12,0.5,3,1.2,0.7,0.02,2,0.9,persistence,2,9
15.13,0.5,3,1.2,0.7,0.02,2,0.9,persistence,1.5,9
15.14,0.5,3,1.2,0.7,0.02,2,0.9,persistence,2.5,10
15.15,0.5,3,1.2,0.7,0.02,2,0.9,persistence,2,9
15.16,0.5,3,1.2,0.7,0.02,2,0.9,persistence,2,10
15.17,0.5,3,1.2,0.7,0.02,2,0.9,persistence,2,10
15.18,0.5,3,1.2,0.7,0.02,2,0.9,persistence,1,10
15.19,0.5,3,1.2,0.7,0.02,2,0.9,persistence,3,10
15.20,0.5,3,1.2,0.7,0.02,2,0.9,persistence,2,10
15.21,0.5,3,1.2,0.7,0.02,2,0.9,persistence,1,10
15.22,0.5,3,1.2,0.7,0.02,2,0.9,persistence,1,9
15.23,0.5,3,1.2,0.7,0.02,2,0.9,persistence,1,9
15.24,0.5,3,1.2,0.7,0.02,2,0.9,persistence,3.5,10
15.25,0.5,3,1.2,0.7,0.02,2,0.9,persistence,3,10
15.26,0.5,3,1.2,0.7,0.02,2,0.9,persistence,1,9
15.27,0.5,3,1.2,0.7,0.02,2,0.9,persistence,2,9
15.28,0.5,3,1.2,0.7,0.02,2,0.9,persistence,1,10
15.29,0.5,3,1.2,0.7,0.02,2,0.9,persistence,1,10
15.30,0.5,3,1.2,0.7,0.02,2,0.9,persistence,2.5,10
15.31,0.5,3,1.2,0.7,0.02,2,0.9,persistence,2,10
15.32,0.5,3,1.2,0.7,0.02,2,0.9,persistence,1,10
15.33,0.5,3,1.2,0.7,0.02,2,0.9,persistence,1,9
15.34,0.5,3,1.2,0.7,0.02,2,0.9,persistence,2.5,9
15.35,0.5,3,1.2,0.7,0.02,2,0.9,persistence,2,9
15.36,0.5,3,1.2,0.7,0.02,2,0.9,persistence,1,9
15.37,0.5,3,1.2,0.7,0.02,2,0.9,persistence,2,9
15.38,0.5,3,1.2,0.7,0.02,2,0.9,persistence,1,10
15.39,0.5,3,1.2,0.7,0.02,2,0.9,persistence,2,10
15.40,0.5,3,1.2,0.7,0.02,2,0.9,persistence,2,10
15.41,0.5,3,1.2,0.7,0.02,2,0.9,persistence,1.5,10
15.42,0.5,3,1.2,0.7,0.02,2,0.9,persistence,2,10
15.43,0.5,3,1.2,0.7,0.02,2,0.9,persistence,1,9
15.44,0.5,3,1.2,0.7,0.02,2,0.9,persistence,3,10
15.45,0.5,3,1.2,0.7,0.02,2,0.9,persistence,2,8
15.46,0.5,3,1.2,0.7,0.02,2,0.9,persistence,1,10
15.47,0.5,3,1.2,0.7,0.02,2,0.9,persistence,3,10
15.48,0.5,3,1.2,0.7,0.02,2,0.9,persistence,1,9
15.49,0.5,3,1.2,0.7,0.02,2,0.9,persistence,2.5,9
15.50,0.5,3,1.2,0.7,0.02,2,0.9,persistence,3,10
15.51,0.5,3,1.2,0.7,0.02,2,0.9,persistence,1.5,9
15.52,0.5,3,1.2,0.7,0.02,2,0.9,persistence,2,10
15.53,0.5,3,1.2,0.7,0.02,2,0.9,persistence,3,10
15.54,0.5,3,1.2,0.7,0.02,2,0.9,persistence,3,10
15.55,0.5,3,1.2,0.7,0.02,2,0.9,persistence,2.5,10
15.56,0.5,3,1.2,0.7,0.02,2,0.9,persistence,1,10
15.57,0.5,3,1.2,0.7,0.02,2,0.9,persistence,2,10
15.58,0.5,3,1.2,0.7,0.02,2,0.9,persistence,2.5,10
15.59,0.5,3,1.2,0.7,0.02,2,0.9,persistence,1,8
15.60,0.5,3,1.2,0.7,0.02,2,0.9,persistence,1.5,10
15.61,0.5,3,1.2,0.7,0.02,2,0.9,persistence,3,10
15.62,0.5,3,1.2,0.7,0.02,2,0.9,persistence,2,10
15.63,0.5,3,1.2,0.7,0.02,2,0.9,persistence,3,10
15.64,0.5,3,1.2,0.7,0.02,2,0.9,persistence,1,9
15.65,0.5,3,1.2,0.7,0.02,2,0.9,persistence,3,9
15.66,0.5,3,1.2,0.7,0.02,2,0.9,persistence,2,10
15.67,0.5,3,1.2,0.7,0.02,2,0.9,persistence,2,9
15.68,0.5,3,1.2,0.7,0.02,2,0.9,persistence,1.5,9
15.69,0.5,3,1.2,0.7,0.02,2,0.9,persistence,2,9
15.70,0.5,3,1.2,0.7,0.02,2,0.9,persistence,2.5,10
15.71,0.5,3,1.2,0.7,0.02,2,0.9,persistence,3,8
15.72,0.5,3,1.2,0.7,0.02,2,0.9,persistence,1,10
15.73,0.5,3,1.2,0.7,0.02,2,0.9,persistence,1.5,8
15.74,0.5,3,1.2,0.7,0.02,2,0.9,persistence,1,10
15.75,0.5,3,1.2,0.7,0.02,2,0.9,persistence,1,10
15.76,0.5,3,1.2,0.7,0.02,2,0.9,persistence,2,9
15.77,0.5,3,1.2,0.7,0.02,2,0.9,persistence,2.5,9
15.78,0.5,3,1.2,0.7,0.02,2,0.9,persistence,2,9
15.79,0.5,3,1.2,0.7,0.02,2,0.9,persistence,1.5,10
15.80,0.5,3,1.2,0.7,0.02,2,0.9,persistence,1,10
15.81,0.5,3,1.2,0.7,0.02,2,0.9,persistence,1,9
15.82,0.5,3,1.2,0.7,0.02,2,0.9,persistence,3,9
15.83,0.5,3,1.2,0.7,0.02,2,0.9,persistence,2.5,10
15.84,0.5,3,1.2,0.7,0.02,2,0.9,persistence,1,10
15.85,0.5,3,1.2,0.7,0.02,2,0.9,persistence,1.5,9
15.86,0.5,3,1.2,0.7,0.02,2,0.9,persistence,2,9
15.87,0.5,3,1.2,0.7,0.02,2,0.9,persistence,3,10
15.88,0.5,3,1.2,0.7,0.02,2,0.9,persistence,1,10
15.89,0.5,3,1.2,0.7,0.02,2,0.9,persistence,1,10
15.90,0.5,3,1.2,0.7,0.02,2,0.9,persistence,1,10
15.91,0.5,3,1.2,0.7,0.02,2,0.9,persistence,3,10
15.92,0.5,3,1.2,0.7,0.02,2,0.9,persistence,1,10
15.93,0.5,3,1.2,0.7,0.02,2,0.9,persistence,1.5,9
15.94,0.5,3,1.2,0.7,0.02,2,0.9,persistence,1.5,10
15.95,0.5,3,1.2,0.7,0.02,2,0.9,persistence,1,9
15.96,0.5,3,1.2,0.7,0.02,2,0.9,persistence,1,10
15.97,0.5,3,1.2,0.7,0.02,2,0.9,persistence,2,9
15.98,0.5,3,1.2,0.7,0.02,2,0.9,persistence,1,9
15.99,0.5,3,1.2,0.7,0.02,2,0.9,persistence,2,10
